comparison,metric,omitted_event,delta_right_minus_left,left_value,right_value,relative_delta
supervision:additive,score_squared_error,2026arc,-1029.671495233396,129.78901284805076,125.75975652345262,-0.031044664229901726
supervision:additive,score_squared_error,2026cur,-1007.2769723001046,129.58106017157914,125.63428744928794,-0.030457944371386162
supervision:additive,score_squared_error,2026dal,-966.0087348371684,132.3040593383944,128.6015372481224,-0.027984947013621468
supervision:additive,score_squared_error,2026gal,-442.53553672465574,124.4368866373924,122.6458446882021,-0.014393175509199102
supervision:additive,score_squared_error,2026hop,-981.7769543073002,128.0110732934525,124.11711377338086,-0.03041892720597019
supervision:additive,score_squared_error,2026joh,-1022.117683255304,129.82845279480858,125.8304791051776,-0.030794279709623465
supervision:additive,score_squared_error,2026mil,-925.5331253766116,130.94290084075016,127.35976662672525,-0.02736409680111362
supervision:additive,score_squared_error,2026new,-886.4574434015602,127.48763372061144,123.96224952895628,-0.027652754143833485
supervision:additive,differential_squared_error,2026arc,-1077.4750551151033,152.46114466665392,148.88561239404993,-0.023452088598846975
supervision:additive,differential_squared_error,2026cur,-1069.204149707213,155.57253928022539,152.0973728517033,-0.022337916733893643
supervision:additive,differential_squared_error,2026dal,-977.8632787006057,155.47653996570244,152.29934734267925,-0.02043518992462828
supervision:additive,differential_squared_error,2026gal,-92.49564024657619,148.1192645457485,147.80670109750386,-0.0021102146922158567
supervision:additive,differential_squared_error,2026hop,-1084.8498826285363,152.80585221256518,149.2138686174304,-0.023506845733487058
supervision:additive,differential_squared_error,2026joh,-1050.3831578859874,153.39287702324654,149.92995552451436,-0.022575503934301876
supervision:additive,differential_squared_error,2026mil,-981.6562226617457,154.64376916899562,151.43658448384215,-0.020739178192485948
supervision:additive,differential_squared_error,2026new,-978.8250677438921,153.10840282829253,149.87781006168595,-0.02110003570626761
supervision:additive,winner_brier,2026arc,0.00037773647541988785,0.21507345965506597,0.21545119613048588,0.0017563137544991728
supervision:additive,winner_brier,2026cur,0.0006507000878315618,0.22191598266454873,0.2225666827523803,0.0029321911834317344
supervision:additive,winner_brier,2026dal,0.00013635537891976197,0.22295224990051524,0.22308860527943503,0.0006115900556313426
supervision:additive,winner_brier,2026gal,0.0011925776200857456,0.21634286802793912,0.21753544564802485,0.0055124424990599654
supervision:additive,winner_brier,2026hop,0.0008272729990308798,0.22282701472446145,0.22365428772349236,0.0037126243424922003
supervision:additive,winner_brier,2026joh,0.00041780268999715235,0.21888494275111176,0.21930274544110892,0.0019087776653154151
supervision:additive,winner_brier,2026mil,0.0003116757516503492,0.22069618820080625,0.22100786395245658,0.0014122389434599123
supervision:additive,winner_brier,2026new,0.00040186763060315317,0.22143948077063091,0.2218413484012341,0.0018147966622963645
supervision:additive,winner_log_loss,2026arc,0.0038679368498877845,0.7672096608121224,0.77107759766201,0.0050415643173643745
supervision:additive,winner_log_loss,2026cur,0.0059033262136851455,0.8046650172889476,0.8105683435026328,0.007336377358089435
supervision:additive,winner_log_loss,2026dal,0.0056544990909689246,0.8067779995042724,0.8124324985952412,0.007008742298926408
supervision:additive,winner_log_loss,2026gal,0.012551499751358027,0.7750760660330945,0.7876275657844526,0.016193894123963472
supervision:additive,winner_log_loss,2026hop,0.007287065213958492,0.7994400273673785,0.8067270925813369,0.009115211853921414
supervision:additive,winner_log_loss,2026joh,0.004215786521562541,0.7769822586120412,0.7811980451336036,0.005425846568354412
supervision:additive,winner_log_loss,2026mil,0.004410328759249525,0.7912189118112927,0.7956292405705422,0.005574094215156207
supervision:additive,winner_log_loss,2026new,0.006084705219520323,0.7988608784031972,0.8049455836227175,0.007616726997174684
supervision:teammate-set,score_squared_error,2026arc,1256.3436740918942,139.62774367862,144.05641422329762,0.031717697557808164
supervision:teammate-set,score_squared_error,2026cur,1099.105409629308,139.91565309789752,143.78976107998966,0.02768888181068253
supervision:teammate-set,score_squared_error,2026dal,1419.5290170446476,141.05283700593333,145.99805424890786,0.03505932491642488
supervision:teammate-set,score_squared_error,2026gal,1021.5732616931524,138.06162507953326,141.71303955986113,0.026447714766680456
supervision:teammate-set,score_squared_error,2026hop,1451.983895273123,135.84768454021383,141.0906704577258,0.03859459169478831
supervision:teammate-set,score_squared_error,2026joh,1042.404277223224,139.4566793973413,143.14527482860223,0.02644975806968227
supervision:teammate-set,score_squared_error,2026mil,1161.065558464031,140.68602373664433,144.7536625902491,0.0289128852004456
supervision:teammate-set,score_squared_error,2026new,1546.5835233226094,138.08985363789571,143.58060872227162,0.03976219062968931
supervision:teammate-set,differential_squared_error,2026arc,3507.084604942669,167.65786272005727,177.8095709932405,0.06055014723725666
supervision:teammate-set,differential_squared_error,2026cur,3043.451213776588,170.57360003047398,179.27298804095585,0.051000787982007016
supervision:teammate-set,differential_squared_error,2026dal,3660.2089431895647,168.4852220621554,179.01809684085958,0.06251512536107488
supervision:teammate-set,differential_squared_error,2026gal,3016.122347633291,167.3736803923712,176.15354448809967,0.05245665910641379
supervision:teammate-set,differential_squared_error,2026hop,3191.17847001153,167.726234419962,176.9838076850862,0.0551945454277867
supervision:teammate-set,differential_squared_error,2026joh,3514.4332024414075,169.06398679898635,179.15653723715818,0.05969663101682125
supervision:teammate-set,differential_squared_error,2026mil,3549.368594656871,169.61100387105043,179.77002316516055,0.05989599178266574
supervision:teammate-set,differential_squared_error,2026new,4096.905021025562,168.7923645565112,180.520822493151,0.06948452892081597
supervision:teammate-set,winner_brier,2026arc,0.023026250550409383,0.2689468145247868,0.29197306507519616,0.08561637211095206
supervision:teammate-set,winner_brier,2026cur,0.021027231429806545,0.27429288200521945,0.295320113435026,0.07665977795736761
supervision:teammate-set,winner_brier,2026dal,0.016890296161208407,0.2728588144939317,0.28974911065514014,0.06190122973499945
supervision:teammate-set,winner_brier,2026gal,0.018145083023428342,0.27296250376277026,0.29110758678619864,0.06647463579539166
supervision:teammate-set,winner_brier,2026hop,0.024587010346052308,0.2792748981452661,0.30386190849131844,0.08803874071511887
supervision:teammate-set,winner_brier,2026joh,0.01817004229420635,0.27785344029099385,0.29602348258520017,0.0653943398187799
supervision:teammate-set,winner_brier,2026mil,0.025240077374298984,0.26724138115757906,0.29248145853187807,0.0944467404897005
supervision:teammate-set,winner_brier,2026new,0.027030610644254494,0.26967113989342506,0.29670175053767955,0.10023545958583882
supervision:teammate-set,winner_log_loss,2026arc,0.06175817975131994,1.2333109396725248,1.295069119423845,0.05007510901323766
supervision:teammate-set,winner_log_loss,2026cur,0.05652332533404127,1.3009576695602034,1.3574809948942446,0.04344747462317448
supervision:teammate-set,winner_log_loss,2026dal,0.024927754542393436,1.2896735284684926,1.3146012830108862,0.019328732421138934
supervision:teammate-set,winner_log_loss,2026gal,0.006175738000161411,1.2771182821915086,1.28329402019167,0.0048356820869904305
supervision:teammate-set,winner_log_loss,2026hop,0.06135936532177782,1.3383761105048906,1.3997354758266682,0.045846130127524753
supervision:teammate-set,winner_log_loss,2026joh,0.012988565308678292,1.3262144870890578,1.339203052397736,0.009793713939279346
supervision:teammate-set,winner_log_loss,2026mil,0.06735114345722665,1.251661175761575,1.3190123192188015,0.053809405261968424
supervision:teammate-set,winner_log_loss,2026new,0.062238807019680494,1.3125709172715139,1.3748097242911945,0.04741748137240355
supervision:full-match,score_squared_error,2026arc,-549.7168527371344,145.33983266840198,143.43622313537804,-0.013097645002571953
supervision:full-match,score_squared_error,2026cur,-251.75600749096037,145.21847067056802,144.3490499324733,-0.0059869845349565486
supervision:full-match,score_squared_error,2026dal,-585.1082148691399,147.88015083956114,145.88841899706165,-0.013468554306929061
supervision:full-match,score_squared_error,2026gal,-381.3224072221194,144.39361693156866,143.06709685793749,-0.009186833198172742
supervision:full-match,score_squared_error,2026hop,36.251934494346735,141.36653922088524,141.4947007692671,0.0009065904073778143
supervision:full-match,score_squared_error,2026joh,-375.1649477302043,144.69069484155762,143.38839641338677,-0.009000567932837109
supervision:full-match,score_squared_error,2026mil,-310.9237328962644,145.91120096204514,144.84182694681138,-0.0073289371082068695
supervision:full-match,score_squared_error,2026new,-46.55109749756428,142.69214889012093,142.52893831563776,-0.0011437950563688859
supervision:full-match,differential_squared_error,2026arc,3284.1509290936783,166.6231106473898,176.20275801163268,0.05749290915901492
supervision:full-match,differential_squared_error,2026cur,4111.180199884531,169.73952140496118,181.4460948234208,0.06896787101532059
supervision:full-match,differential_squared_error,2026dal,3241.4375627105615,170.53562972583114,179.7883159960523,0.05425661655043361
supervision:full-match,differential_squared_error,2026gal,3578.7621430160248,168.2627780655487,178.58086298747725,0.06132125619552659
supervision:full-match,differential_squared_error,2026hop,3004.0985919294853,168.718775732271,177.39820708374097,0.051443185939440375
supervision:full-match,differential_squared_error,2026joh,4491.217121984388,165.91652970113194,178.93996744732848,0.07849391359411792
supervision:full-match,differential_squared_error,2026mil,3136.3367876503808,169.3631639927751,178.38222474589224,0.05325278850778845
supervision:full-match,differential_squared_error,2026new,4339.3298348299995,167.28364901619577,179.78639843715587,0.07473981763602988
supervision:full-match,winner_brier,2026arc,0.005052855602448734,0.28071801849484895,0.2857708740972977,0.01799975516192753
supervision:full-match,winner_brier,2026cur,0.007040729274632603,0.2852669226953015,0.29230765196993413,0.02468119755388865
supervision:full-match,winner_brier,2026dal,0.009377513137618766,0.2795007023186111,0.28887821545622994,0.03355094659808441
supervision:full-match,winner_brier,2026gal,0.002454425706635001,0.28894148059565666,0.2913959063022916,0.008494542568187593
supervision:full-match,winner_brier,2026hop,-0.0017823129547228733,0.29103282394946056,0.28925051099473775,-0.0061240960058591785
supervision:full-match,winner_brier,2026joh,0.011601147530814121,0.2774830751454757,0.28908422267628986,0.041808486967113326
supervision:full-match,winner_brier,2026mil,-0.002039345845494778,0.29031850340429965,0.28827915755880495,-0.007024512118866541
supervision:full-match,winner_brier,2026new,0.012719677274180715,0.2804821757242409,0.2932018529984216,0.045349324752408535
supervision:full-match,winner_log_loss,2026arc,0.1200277279462551,1.4860097269713766,1.6060374549176317,0.08077183195219229
supervision:full-match,winner_log_loss,2026cur,0.14443917260003375,1.539063560868728,1.6835027334687616,0.09384873781203978
supervision:full-match,winner_log_loss,2026dal,0.1225567361122102,1.5095138706875104,1.6320706067997204,0.08118953955447346
supervision:full-match,winner_log_loss,2026gal,0.10434770120724966,1.538608250024001,1.6429559512312504,0.06781953834292881
supervision:full-match,winner_log_loss,2026hop,0.09541338240526663,1.5365709806031536,1.6319843630084203,0.06209500479295394
supervision:full-match,winner_log_loss,2026joh,0.20090137341837674,1.4425896349160447,1.6434910083344214,0.13926439547035055
supervision:full-match,winner_log_loss,2026mil,0.0771540429244267,1.559970581623272,1.6371246245476985,0.04945865251134515
supervision:full-match,winner_log_loss,2026new,0.18027326592986048,1.4939006194252673,1.6741738853551278,0.12067286376734694
teammate-v-additive:phase-core,score_squared_error,2026arc,2650.7189487109295,129.78901284805076,139.62774367862,0.07580557563903989
teammate-v-additive:phase-core,score_squared_error,2026cur,2785.138826620783,129.58106017157914,139.91565309789752,0.0797538846543953
teammate-v-additive:phase-core,score_squared_error,2026dal,2391.5387100050125,132.3040593383944,141.05283700593333,0.06612629809915467
teammate-v-additive:phase-core,score_squared_error,2026gal,3576.4735635943603,124.4368866373924,138.06162507953326,0.10949115499685537
teammate-v-additive:phase-core,score_squared_error,2026hop,2067.758509195783,128.0110732934525,135.84768454021383,0.061218229369866144
teammate-v-additive:phase-core,score_squared_error,2026joh,2592.7382734389944,129.82845279480858,139.4566793973413,0.07416114415035008
teammate-v-additive:phase-core,score_squared_error,2026mil,2646.513994237118,130.94290084075016,140.68602373664433,0.07440741600603108
teammate-v-additive:phase-core,score_squared_error,2026new,2815.710926054675,127.48763372061144,138.08985363789571,0.0831627320067685
teammate-v-additive:phase-core,differential_squared_error,2026arc,4864.758298791188,152.46114466665392,167.65786272005727,0.09967600654337176
teammate-v-additive:phase-core,differential_squared_error,2026cur,4892.538049258844,155.57253928022539,170.57360003047398,0.09642486276596607
teammate-v-additive:phase-core,differential_squared_error,2026dal,4214.315573627145,155.47653996570244,168.4852220621554,0.08366974271052485
teammate-v-additive:phase-core,differential_squared_error,2026gal,6074.632358514188,148.1192645457485,167.3736803923712,0.12999265089299522
teammate-v-additive:phase-core,differential_squared_error,2026hop,4782.461242291729,152.80585221256518,167.726234419962,0.09764274071546268
teammate-v-additive:phase-core,differential_squared_error,2026joh,5053.2569108989965,153.39287702324654,169.06398679898635,0.10216321696192494
teammate-v-additive:phase-core,differential_squared_error,2026mil,4853.197291351886,154.64376916899562,169.61100387105043,0.09678524251241269
teammate-v-additive:phase-core,differential_squared_error,2026new,5048.679315947474,153.10840282829253,168.7923645565112,0.10243697562313321
teammate-v-additive:phase-core,winner_brier,2026arc,0.05387335486972077,0.21507345965506597,0.2689468145247868,0.2504881585860139
teammate-v-additive:phase-core,winner_brier,2026cur,0.052376899340670725,0.22191598266454873,0.27429288200521945,0.23602130280018796
teammate-v-additive:phase-core,winner_brier,2026dal,0.04990656459341645,0.22295224990051524,0.2728588144939317,0.22384418464350786
teammate-v-additive:phase-core,winner_brier,2026gal,0.056619635734831204,0.21634286802793912,0.27296250376277026,0.26171251334025547
teammate-v-additive:phase-core,winner_brier,2026hop,0.05644788342080465,0.22282701472446145,0.2792748981452661,0.2533260318126407
teammate-v-additive:phase-core,winner_brier,2026joh,0.0589684975398821,0.21888494275111176,0.27785344029099385,0.2694040841673317
teammate-v-additive:phase-core,winner_brier,2026mil,0.046545192956772806,0.22069618820080625,0.26724138115757906,0.21090166230883173
teammate-v-additive:phase-core,winner_brier,2026new,0.04823165912279418,0.22143948077063091,0.26967113989342506,0.21780966499263493
teammate-v-additive:phase-core,winner_log_loss,2026arc,0.46610127886040265,0.7672096608121224,1.2333109396725248,0.6075279062140789
teammate-v-additive:phase-core,winner_log_loss,2026cur,0.49629265227125585,0.8046650172889476,1.3009576695602034,0.6167692662262735
teammate-v-additive:phase-core,winner_log_loss,2026dal,0.4828955289642205,0.8067779995042724,1.2896735284684926,0.5985482118512615
teammate-v-additive:phase-core,winner_log_loss,2026gal,0.5020422161584139,0.7750760660330945,1.2771182821915086,0.6477328331500533
teammate-v-additive:phase-core,winner_log_loss,2026hop,0.538936083137512,0.7994400273673785,1.3383761105048906,0.674141980246189
teammate-v-additive:phase-core,winner_log_loss,2026joh,0.5492322284770166,0.7769822586120412,1.3262144870890578,0.7068787252081343
teammate-v-additive:phase-core,winner_log_loss,2026mil,0.46044226395028237,0.7912189118112927,1.251661175761575,0.5819404175972208
teammate-v-additive:phase-core,winner_log_loss,2026new,0.5137100388683169,0.7988608784031972,1.3125709172715139,0.6430531933108876
full-v-teammate:phase-core,score_squared_error,2026arc,1627.7601552966808,139.62774367862,145.33983266840198,0.04090941269472532
full-v-teammate:phase-core,score_squared_error,2026cur,1512.01424208743,139.91565309789752,145.21847067056802,0.03790010234923594
full-v-teammate:phase-core,score_squared_error,2026dal,1972.6361849089549,141.05283700593333,147.88015083956114,0.04840252758149504
full-v-teammate:phase-core,score_squared_error,2026gal,1788.5042909789759,138.06162507953326,144.39361693156866,0.045863518181737506
full-v-teammate:phase-core,score_squared_error,2026hop,1529.9050163526338,135.84768454021383,141.36653922088524,0.04062531282259515
full-v-teammate:phase-core,score_squared_error,2026joh,1487.231745199916,139.4566793973413,144.69069484155762,0.037531479071744596
full-v-teammate:phase-core,score_squared_error,2026mil,1497.5212913586724,140.68602373664433,145.91120096204514,0.03714069874618126
full-v-teammate:phase-core,score_squared_error,2026new,1292.241677144982,138.08985363789571,142.69214889012093,0.03332826511854756
full-v-teammate:phase-core,differential_squared_error,2026arc,-345.897930045255,167.65786272005727,166.6231106473898,-0.0061718076079450655
full-v-teammate:phase-core,differential_squared_error,2026cur,-283.8479005708383,170.57360003047398,169.73952140496118,-0.004889845939604893
full-v-teammate:phase-core,differential_squared_error,2026dal,695.1309526519758,168.4852220621554,170.53562972583114,0.012169658790130163
full-v-teammate:phase-core,differential_squared_error,2026gal,298.4135942484843,167.3736803923712,168.2627780655487,0.005312051877530604
full-v-teammate:phase-core,differential_squared_error,2026hop,333.9355718963159,167.726234419962,168.718775732271,0.0059176271126664464
full-v-teammate:phase-core,differential_squared_error,2026joh,-1054.3368043012417,169.06398679898635,165.91652970113194,-0.01861695774154833
full-v-teammate:phase-core,differential_squared_error,2026mil,-84.01131650185681,169.61100387105043,169.3631639927751,-0.0014612252307860474
full-v-teammate:phase-core,differential_squared_error,2026new,-507.0431044044061,168.7923645565112,167.28364901619577,-0.008938292583787508
full-v-teammate:phase-core,winner_brier,2026arc,0.011771203970062214,0.2689468145247868,0.28071801849484895,0.04376777613395858
full-v-teammate:phase-core,winner_brier,2026cur,0.01097404069008207,0.27429288200521945,0.2852669226953015,0.040008477835284266
full-v-teammate:phase-core,winner_brier,2026dal,0.0066418878246794506,0.2728588144939317,0.2795007023186111,0.02434184813489748
full-v-teammate:phase-core,winner_brier,2026gal,0.015978976832886366,0.27296250376277026,0.28894148059565666,0.058539090946988157
full-v-teammate:phase-core,winner_brier,2026hop,0.011757925804194472,0.2792748981452661,0.29103282394946056,0.04210162059777566
full-v-teammate:phase-core,winner_brier,2026joh,-0.00037036514551814543,0.27785344029099385,0.2774830751454757,-0.0013329514478217582
full-v-teammate:phase-core,winner_brier,2026mil,0.023077122246720656,0.26724138115757906,0.29031850340429965,0.08635310200373929
full-v-teammate:phase-core,winner_brier,2026new,0.010811035830815802,0.26967113989342506,0.2804821757242409,0.04008970272120475
full-v-teammate:phase-core,winner_log_loss,2026arc,0.2526987872988514,1.2333109396725248,1.4860097269713766,0.20489462889703197
full-v-teammate:phase-core,winner_log_loss,2026cur,0.23810589130852433,1.3009576695602034,1.539063560868728,0.183023550173633
full-v-teammate:phase-core,winner_log_loss,2026dal,0.21984034221901738,1.2896735284684926,1.5095138706875104,0.17046201024229882
full-v-teammate:phase-core,winner_log_loss,2026gal,0.2614899678324923,1.2771182821915086,1.538608250024001,0.20474999965060486
full-v-teammate:phase-core,winner_log_loss,2026hop,0.19819487009826334,1.3383761105048906,1.5365709806031536,0.1480860787506852
full-v-teammate:phase-core,winner_log_loss,2026joh,0.11637514782698696,1.3262144870890578,1.4425896349160447,0.08774986924054931
full-v-teammate:phase-core,winner_log_loss,2026mil,0.30830940586169686,1.251661175761575,1.559970581623272,0.24632017979954182
full-v-teammate:phase-core,winner_log_loss,2026new,0.1813297021537533,1.3125709172715139,1.4939006194252673,0.1381484990774363
full-v-additive:phase-core,score_squared_error,2026arc,4278.47910400761,129.78901284805076,145.33983266840198,0.11981614991214391
full-v-additive:phase-core,score_squared_error,2026cur,4297.153068708213,129.58106017157914,145.21847067056802,0.12067666739478197
full-v-additive:phase-core,score_squared_error,2026dal,4364.174894913967,132.3040593383944,147.88015083956114,0.11772950564825621
full-v-additive:phase-core,score_squared_error,2026gal,5364.977854573336,124.4368866373924,144.39361693156866,0.1603763227565306
full-v-additive:phase-core,score_squared_error,2026hop,3597.6635255484166,128.0110732934525,141.36653922088524,0.10433055191105749
full-v-additive:phase-core,score_squared_error,2026joh,4079.97001863891,129.82845279480858,144.69069484155762,0.11447600065171018
full-v-additive:phase-core,score_squared_error,2026mil,4144.035285595791,130.94290084075016,145.91120096204514,0.11431165817457413
full-v-additive:phase-core,score_squared_error,2026new,4107.952603199657,127.48763372061144,142.69214889012093,0.11926266670562037
full-v-additive:phase-core,differential_squared_error,2026arc,4518.860368745934,152.46114466665392,166.6231106473898,0.09288901779991272
full-v-additive:phase-core,differential_squared_error,2026cur,4608.690148688006,155.57253928022539,169.73952140496118,0.09106351410268805
full-v-additive:phase-core,differential_squared_error,2026dal,4909.44652627912,155.47653996570244,170.53562972583114,0.09685763372050009
full-v-additive:phase-core,differential_squared_error,2026gal,6373.04595276267,148.1192645457485,168.2627780655487,0.13599523047576714
full-v-additive:phase-core,differential_squared_error,2026hop,5116.396814188045,152.80585221256518,168.718775732271,0.10413818115794202
full-v-additive:phase-core,differential_squared_error,2026joh,3998.9201065977545,153.39287702324654,165.91652970113194,0.08164429092745583
full-v-additive:phase-core,differential_squared_error,2026mil,4769.185974850029,154.64376916899562,169.3631639927751,0.09518259224329977
full-v-additive:phase-core,differential_squared_error,2026new,4541.636211543067,153.10840282829253,167.28364901619577,0.09258307137982784
full-v-additive:phase-core,winner_brier,2026arc,0.06564455883978298,0.21507345965506597,0.28071801849484895,0.3052192443691727
full-v-additive:phase-core,winner_brier,2026cur,0.0633509400307528,0.22191598266454873,0.2852669226953015,0.2854726336972085
full-v-additive:phase-core,winner_brier,2026dal,0.05654845241809588,0.22295224990051524,0.2795007023186111,0.2536348139268776
full-v-additive:phase-core,winner_brier,2026gal,0.07259861256771756,0.21634286802793912,0.28894148059565666,0.33557201690763366
full-v-additive:phase-core,winner_brier,2026hop,0.06820580922499912,0.22282701472446145,0.29103282394946056,0.3060930888893322
full-v-additive:phase-core,winner_brier,2026joh,0.05859813239436395,0.21888494275111176,0.2774830751454757,0.26771203015547
full-v-additive:phase-core,winner_brier,2026mil,0.06962231520349346,0.22069618820080625,0.29031850340429965,0.3154667770706837
full-v-additive:phase-core,winner_brier,2026new,0.059042694953609975,0.22143948077063091,0.2804821757242409,0.2666312924331996
full-v-additive:phase-core,winner_log_loss,2026arc,0.7188000661592542,0.7672096608121224,1.4860097269713766,0.9369017399994355
full-v-additive:phase-core,winner_log_loss,2026cur,0.7343985435797802,0.8046650172889476,1.539063560868728,0.9126761171426256
full-v-additive:phase-core,winner_log_loss,2026dal,0.7027358711832379,0.8067779995042724,1.5095138706875104,0.8710399535126596
full-v-additive:phase-core,winner_log_loss,2026gal,0.7635321839909064,0.7750760660330945,1.538608250024001,0.9851061301618167
full-v-additive:phase-core,winner_log_loss,2026hop,0.7371309532357753,0.7994400273673785,1.5365709806031536,0.9220591013727542
full-v-additive:phase-core,winner_log_loss,2026joh,0.6656073763040036,0.7769822586120412,1.4425896349160447,0.8566571101546235
full-v-additive:phase-core,winner_log_loss,2026mil,0.7687516698119793,0.7912189118112927,1.559970581623272,0.9716042656919306
full-v-additive:phase-core,winner_log_loss,2026new,0.6950397410220701,0.7988608784031972,1.4939006194252673,0.8700385258711756
teammate-v-additive:official-total-core,score_squared_error,2026arc,4936.734118036219,125.75975652345262,144.05641422329762,0.14548897203401392
teammate-v-additive:official-total-core,score_squared_error,2026cur,4891.521208550195,125.63428744928794,143.78976107998966,0.14451049947674632
teammate-v-additive:official-total-core,score_squared_error,2026dal,4777.076461886829,128.6015372481224,145.99805424890786,0.13527456493168352
teammate-v-additive:official-total-core,score_squared_error,2026gal,5040.582362012169,122.6458446882021,141.71303955986113,0.15546547802033436
teammate-v-additive:official-total-core,score_squared_error,2026hop,4501.519358776206,124.11711377338086,141.0906704577258,0.1367543618145688
teammate-v-additive:official-total-core,score_squared_error,2026joh,4657.260233917522,125.8304791051776,143.14527482860223,0.13760414683752217
teammate-v-additive:official-total-core,score_squared_error,2026mil,4733.11267807776,127.35976662672525,144.7536625902491,0.13657292584794908
teammate-v-additive:official-total-core,score_squared_error,2026new,5248.751892778845,123.96224952895628,143.58060872227162,0.15826075493033628
teammate-v-additive:official-total-core,differential_squared_error,2026arc,9449.317958848958,148.88561239404993,177.8095709932405,0.19426966873493876
teammate-v-additive:official-total-core,differential_squared_error,2026cur,9005.193412742647,152.0973728517033,179.27298804095585,0.1786724825007272
teammate-v-additive:official-total-core,differential_squared_error,2026dal,8852.387795517316,152.29934734267925,179.01809684085958,0.17543574522392497
teammate-v-additive:official-total-core,differential_squared_error,2026gal,9183.250346394054,147.80670109750386,176.15354448809967,0.19178320861038772
teammate-v-additive:official-total-core,differential_squared_error,2026hop,9058.489594931796,149.2138686174304,176.9838076850862,0.18610829760640532
teammate-v-additive:official-total-core,differential_squared_error,2026joh,9618.07327122639,149.92995552451436,179.15653723715818,0.19493490550569206
teammate-v-additive:official-total-core,differential_squared_error,2026mil,9384.222108670503,151.43658448384215,179.77002316516055,0.18709771339528258
teammate-v-additive:official-total-core,differential_squared_error,2026new,10124.409404716927,149.87781006168595,180.520822493151,0.2044532971148508
teammate-v-additive:official-total-core,winner_brier,2026arc,0.07652186894471028,0.21545119613048588,0.29197306507519616,0.35517031382998476
teammate-v-additive:official-total-core,winner_brier,2026cur,0.07275343068264571,0.2225666827523803,0.295320113435026,0.32688374460605385
teammate-v-additive:official-total-core,winner_brier,2026dal,0.06666050537570509,0.22308860527943503,0.28974911065514014,0.29880730704379943
teammate-v-additive:official-total-core,winner_brier,2026gal,0.07357214113817379,0.21753544564802485,0.29110758678619864,0.33820760069241523
teammate-v-additive:official-total-core,winner_brier,2026hop,0.08020762076782607,0.22365428772349236,0.30386190849131844,0.3586232197210909
teammate-v-additive:official-total-core,winner_brier,2026joh,0.07672073714409128,0.21930274544110892,0.29602348258520017,0.3498393829487815
teammate-v-additive:official-total-core,winner_brier,2026mil,0.07147359457942143,0.22100786395245658,0.29248145853187807,0.3233984225773837
teammate-v-additive:official-total-core,winner_brier,2026new,0.07486040213644551,0.2218413484012341,0.29670175053767955,0.3374501763352472
teammate-v-additive:official-total-core,winner_log_loss,2026arc,0.5239915217618347,0.77107759766201,1.295069119423845,0.6795574444785241
teammate-v-additive:official-total-core,winner_log_loss,2026cur,0.5469126513916119,0.8105683435026328,1.3574809948942446,0.6747273758907107
teammate-v-additive:official-total-core,winner_log_loss,2026dal,0.5021687844156449,0.8124324985952412,1.3146012830108862,0.6181052398616915
teammate-v-additive:official-total-core,winner_log_loss,2026gal,0.4956664544072174,0.7876275657844526,1.28329402019167,0.6293157780905612
teammate-v-additive:official-total-core,winner_log_loss,2026hop,0.5930083832453312,0.8067270925813369,1.3997354758266682,0.7350792959584933
teammate-v-additive:official-total-core,winner_log_loss,2026joh,0.5580050072641324,0.7811980451336036,1.339203052397736,0.7142939114353521
teammate-v-additive:official-total-core,winner_log_loss,2026mil,0.5233830786482595,0.7956292405705422,1.3190123192188015,0.6578228299816428
teammate-v-additive:official-total-core,winner_log_loss,2026new,0.569864140668477,0.8049455836227175,1.3748097242911945,0.7079536210432524
full-v-teammate:official-total-core,score_squared_error,2026arc,-178.30037153234738,144.05641422329762,143.43622313537804,-0.004305195928021916
full-v-teammate:official-total-core,score_squared_error,2026cur,161.15282496716156,143.78976107998966,144.3490499324733,0.0038896291939208554
full-v-teammate:official-total-core,score_squared_error,2026dal,-32.001047004832714,145.99805424890786,145.88841899706165,-0.0007509363902843531
full-v-teammate:official-total-core,score_squared_error,2026gal,385.6086220637038,141.71303955986113,143.06709685793749,0.009554923825512804
full-v-teammate:official-total-core,score_squared_error,2026hop,114.17305557385747,141.0906704577258,141.4947007692671,0.0028636217421786412
full-v-teammate:official-total-core,score_squared_error,2026joh,69.66252024648749,143.14527482860223,143.38839641338677,0.0016984254986806434
full-v-teammate:official-total-core,score_squared_error,2026mil,25.531999998376584,144.7536625902491,144.84182694681138,0.0006090647724185942
full-v-teammate:official-total-core,score_squared_error,2026new,-300.8929436751919,143.58060872227162,142.52893831563776,-0.007324599164139981
full-v-teammate:official-total-core,differential_squared_error,2026arc,-568.8316058942456,177.8095709932405,176.20275801163268,-0.009036706925460726
full-v-teammate:official-total-core,differential_squared_error,2026cur,783.881085537104,179.27298804095585,181.4460948234208,0.012121774764910394
full-v-teammate:official-total-core,differential_squared_error,2026dal,276.35957217297295,179.01809684085958,179.7883159960523,0.0043024653305157295
full-v-teammate:official-total-core,differential_squared_error,2026gal,861.0533896312178,176.15354448809967,178.58086298747725,0.01377956093038797
full-v-teammate:official-total-core,differential_squared_error,2026hop,146.85569381427038,176.9838076850862,177.39820708374097,0.0023414537413057354
full-v-teammate:official-total-core,differential_squared_error,2026joh,-77.55288475826202,179.15653723715818,178.93996744732848,-0.0012088299604887279
full-v-teammate:official-total-core,differential_squared_error,2026mil,-497.0431235083482,179.77002316516055,178.38222474589224,-0.007719854483154246
full-v-teammate:official-total-core,differential_squared_error,2026new,-264.61829059996876,180.520822493151,179.78639843715587,-0.00406836200861537
full-v-teammate:official-total-core,winner_brier,2026arc,-0.006202190977898436,0.29197306507519616,0.2857708740972977,-0.021242339516150704
full-v-teammate:official-total-core,winner_brier,2026cur,-0.003012461465091871,0.295320113435026,0.29230765196993413,-0.010200664729714232
full-v-teammate:official-total-core,winner_brier,2026dal,-0.0008708951989101873,0.28974911065514014,0.28887821545622994,-0.0030056872200265186
full-v-teammate:official-total-core,winner_brier,2026gal,0.000288319516093027,0.29110758678619864,0.2913959063022916,0.0009904225419749596
full-v-teammate:official-total-core,winner_brier,2026hop,-0.01461139749658071,0.30386190849131844,0.28925051099473775,-0.04808565038351344
full-v-teammate:official-total-core,winner_brier,2026joh,-0.006939259908910371,0.29602348258520017,0.28908422267628986,-0.023441585945510535
full-v-teammate:official-total-core,winner_brier,2026mil,-0.00420230097307311,0.29248145853187807,0.28827915755880495,-0.014367751700113661
full-v-teammate:official-total-core,winner_brier,2026new,-0.0034998975392579713,0.29670175053767955,0.2932018529984216,-0.011796012436446603
full-v-teammate:official-total-core,winner_log_loss,2026arc,0.31096833549378655,1.295069119423845,1.6060374549176317,0.24011717276691097
full-v-teammate:official-total-core,winner_log_loss,2026cur,0.32602173857451683,1.3574809948942446,1.6835027334687616,0.2401667056855672
full-v-teammate:official-total-core,winner_log_loss,2026dal,0.3174693237888341,1.3146012830108862,1.6320706067997204,0.24149476186553
full-v-teammate:official-total-core,winner_log_loss,2026gal,0.35966193103958055,1.28329402019167,1.6429559512312504,0.2802646356801865
full-v-teammate:official-total-core,winner_log_loss,2026hop,0.23224888718175216,1.3997354758266682,1.6319843630084203,0.16592341281097306
full-v-teammate:official-total-core,winner_log_loss,2026joh,0.30428795593668545,1.339203052397736,1.6434910083344214,0.22721569771804362
full-v-teammate:official-total-core,winner_log_loss,2026mil,0.3181123053288969,1.3190123192188015,1.6371246245476985,0.24117462793471275
full-v-teammate:official-total-core,winner_log_loss,2026new,0.29936416106393327,1.3748097242911945,1.6741738853551278,0.21774952255176644
full-v-additive:official-total-core,score_squared_error,2026arc,4758.4337465038725,125.75975652345262,143.43622313537804,0.14055741757601908
full-v-additive:official-total-core,score_squared_error,2026cur,5052.674033517357,125.63428744928794,144.3490499324733,0.14896222092826
full-v-additive:official-total-core,score_squared_error,2026dal,4745.075414881995,128.6015372481224,145.88841899706165,0.13442204594791207
full-v-additive:official-total-core,score_squared_error,2026gal,5426.190984075872,122.6458446882021,143.06709685793749,0.1665058626458284
full-v-additive:official-total-core,score_squared_error,2026hop,4615.692414350064,124.11711377338086,141.4947007692671,0.1400095963205774
full-v-additive:official-total-core,score_squared_error,2026joh,4726.922754164009,125.8304791051776,143.38839641338677,0.13953628272791585
full-v-additive:official-total-core,score_squared_error,2026mil,4758.644678076137,127.35976662672525,144.84182694681138,0.1372651723783678
full-v-additive:official-total-core,score_squared_error,2026new,4947.858949103653,123.96224952895628,142.52893831563776,0.1497769591729174
full-v-additive:official-total-core,differential_squared_error,2026arc,8880.486352954715,148.88561239404993,176.20275801163268,0.18347740374861404
full-v-additive:official-total-core,differential_squared_error,2026cur,9789.074498279748,152.0973728517033,181.4460948234208,0.1929600848551988
full-v-additive:official-total-core,differential_squared_error,2026dal,9128.747367690288,152.29934734267925,179.7883159960523,0.1804930167659998
full-v-additive:official-total-core,differential_squared_error,2026gal,10044.30373602527,147.80670109750386,178.58086298747725,0.20820545794924783
full-v-additive:official-total-core,differential_squared_error,2026hop,9205.345288746064,149.2138686174304,177.39820708374097,0.18888551531742961
full-v-additive:official-total-core,differential_squared_error,2026joh,9540.520386468128,149.92995552451436,178.93996744732848,0.19349043239108302
full-v-additive:official-total-core,differential_squared_error,2026mil,8887.178985162156,151.43658448384215,178.38222474589224,0.17793349179058587
full-v-additive:official-total-core,differential_squared_error,2026new,9859.791114116957,149.87781006168595,179.78639843715587,0.19955314507971722
full-v-additive:official-total-core,winner_brier,2026arc,0.07031967796681184,0.21545119613048588,0.2857708740972977,0.32638332592139974
full-v-additive:official-total-core,winner_brier,2026cur,0.06974096921755384,0.2225666827523803,0.29230765196993413,0.31334864839201976
full-v-additive:official-total-core,winner_brier,2026dal,0.0657896101767949,0.22308860527943503,0.28887821545622994,0.2949034985197408
full-v-additive:official-total-core,winner_brier,2026gal,0.07386046065426682,0.21753544564802485,0.2913959063022916,0.3395329916659832
full-v-additive:official-total-core,winner_brier,2026hop,0.06559622327124537,0.22365428772349236,0.28925051099473775,0.2932929385746592
full-v-additive:official-total-core,winner_brier,2026joh,0.06978147723518092,0.21930274544110892,0.28908422267628986,0.3181970070407527
full-v-additive:official-total-core,winner_brier,2026mil,0.06727129360634833,0.22100786395245658,0.28827915755880495,0.3043841626414698
full-v-additive:official-total-core,winner_brier,2026new,0.07136050459718754,0.2218413484012341,0.2932018529984216,0.3216735974220689
full-v-additive:official-total-core,winner_log_loss,2026arc,0.8349598572556214,0.77107759766201,1.6060374549176317,1.0828480295463252
full-v-additive:official-total-core,winner_log_loss,2026cur,0.8729343899661287,0.8105683435026328,1.6835027334687616,1.0769411326798173
full-v-additive:official-total-core,winner_log_loss,2026dal,0.819638108204479,0.8124324985952412,1.6320706067997204,1.008869179435457
full-v-additive:official-total-core,winner_log_loss,2026gal,0.855328385446798,0.7876275657844526,1.6429559512312504,1.085955371045092
full-v-additive:official-total-core,winner_log_loss,2026hop,0.8252572704270834,0.8067270925813369,1.6319843630084203,1.0229695742415867
full-v-additive:official-total-core,winner_log_loss,2026joh,0.8622929632008177,0.7811980451336036,1.6434910083344214,1.1038083986159297
full-v-additive:official-total-core,winner_log_loss,2026mil,0.8414953839771563,0.7956292405705422,1.6371246245476985,1.0576476341841379
full-v-additive:official-total-core,winner_log_loss,2026new,0.8692283017324105,0.8049455836227175,1.6741738853551278,1.0798597065659812
