model,architecture,initialization,test_week,slice_type,event_type,observation_slice,match_count,alliance_count,actual_score_mean,predicted_score_mean,mean_bias_predicted_minus_actual,alliance_score_mae,alliance_score_rmse,score_differential_rmse,actual_score_p01,actual_score_p99,predicted_score_p01,predicted_score_p99
additive,additive,pre-2026-prior,6,aggregate,all,all,1860,3720,180.68198924731183,139.89301820901363,-40.78897103829819,72.22267705909417,98.09844661099936,122.30230793714628,20.0,556.4299999999998,43.84072798029318,305.7435101140165
additive,additive,pre-2026-prior,8,aggregate,all,all,1642,3284,297.50761266747867,229.53175182192425,-67.97586084555446,92.64579275899932,116.909321149703,129.53957317383203,33.0,651.3400000000001,48.101012764143135,473.60741758993254
additive,additive,pre-2026-prior,10,aggregate,all,all,1119,2238,434.04468275245756,339.0376293893409,-95.00705336311668,122.08128499454516,150.98103174159206,158.70454339775054,102.96000000000001,797.6300000000001,150.9326322839312,595.9244144007502
full-match,full-match,pre-2026-prior,6,aggregate,all,all,1860,3720,180.68198924731183,122.34540713969068,-58.33658210762116,73.12980767460988,95.64894516764818,104.57431276237378,20.0,556.4299999999998,19.383198117285705,367.7992228695281
full-match,full-match,pre-2026-prior,8,aggregate,all,all,1642,3284,297.50761266747867,228.95280783663935,-68.5548048308393,89.72273924302112,113.19015037177418,121.37935841744107,33.0,651.3400000000001,51.53688943921616,453.073252523199
full-match,full-match,pre-2026-prior,10,aggregate,all,all,1119,2238,434.04468275245756,367.178700974384,-66.86598177807355,106.3569617533388,133.90853661190283,157.55064510126803,102.96000000000001,797.6300000000001,148.36100301554254,525.3796399422351
mean,additive-control,pre-2026-prior,6,aggregate,all,all,1860,3720,180.68198924731183,150.999595578323,-29.682393668988837,92.35781207872742,123.24527945784686,160.1500241859463,20.0,556.4299999999998,143.99829244180822,158.00089871483777
mean,additive-control,pre-2026-prior,8,aggregate,all,all,1642,3284,297.50761266747867,165.5135627398686,-131.9940499276101,152.43857297856715,189.93813691521862,180.0067583358919,33.0,651.3400000000001,158.7150848890913,172.31204059064595
mean,additive-control,pre-2026-prior,10,aggregate,all,all,1119,2238,434.04468275245756,178.55311527394448,-255.49156747851302,259.74537627054843,297.3584971532707,208.09829643725902,102.96000000000001,797.6300000000001,171.94597451406423,185.16025603382468
ridge,additive-control,pre-2026-prior,6,aggregate,all,all,1860,3720,180.68198924731183,112.7931558540228,-67.88883339328903,110.83053200073853,146.15794572715978,175.81519382774974,20.0,556.4299999999998,-162.52054400707937,540.9902092459392
ridge,additive-control,pre-2026-prior,8,aggregate,all,all,1642,3284,297.50761266747867,227.35373654740314,-70.15387612007554,102.09444482837304,132.80491963300602,150.97228981022687,33.0,651.3400000000001,-88.57319951355443,553.0696341804894
ridge,additive-control,pre-2026-prior,10,aggregate,all,all,1119,2238,434.04468275245756,368.9073959388577,-65.1372868135999,116.15920905300786,148.12073212185769,169.0802113866653,102.96000000000001,797.6300000000001,60.97371902528035,734.8452343381723
rolling-pridge,additive-control,pre-2026-prior,6,aggregate,all,all,1860,3720,180.68198924731183,107.4361838978426,-73.24580534946924,109.20606140582916,140.48976914417912,160.97660150903405,20.0,556.4299999999998,-151.46928198191404,489.4005296575758
rolling-pridge,additive-control,pre-2026-prior,8,aggregate,all,all,1642,3284,297.50761266747867,234.7966425077334,-62.71097015974528,99.01434773313238,127.07850407104331,144.68767205010752,33.0,651.3400000000001,-88.36664565452651,586.8747954422371
rolling-pridge,additive-control,pre-2026-prior,10,aggregate,all,all,1119,2238,434.04468275245756,380.4716975456418,-53.57298520681574,112.49621101998889,143.420409043407,169.10637314856734,102.96000000000001,797.6300000000001,65.8766726495782,749.4852856068475
teammate-set,teammate-set,pre-2026-prior,6,aggregate,all,all,1860,3720,180.68198924731183,125.2635590925569,-55.418430154754915,72.14150287484752,94.75311310400711,107.46036167294845,20.0,556.4299999999998,27.289034829746008,386.7496014822979
teammate-set,teammate-set,pre-2026-prior,8,aggregate,all,all,1642,3284,297.50761266747867,232.7611392264295,-64.74647344104922,87.76116573452103,111.13735465572408,122.37505596796767,33.0,651.3400000000001,47.73932198197302,454.76038319485315
teammate-set,teammate-set,pre-2026-prior,10,aggregate,all,all,1119,2238,434.04468275245756,360.9957806183184,-73.04890213413917,108.75596859987606,137.07609677441485,155.60613434005134,102.96000000000001,797.6300000000001,156.05792840805694,512.2071269389786
additive,additive,pre-2026-prior,6,event_type,0,all,601,1202,188.4567387687188,141.39610188693533,-47.06063688178347,79.3168718852744,106.69133496940069,134.03026806812085,18.009999999999998,556.9000000000001,40.45373827295242,303.4757069532923
additive,additive,pre-2026-prior,6,event_type,1,all,1259,2518,176.97061159650517,139.1755016955657,-37.795109900939444,68.83617103007566,93.71911504033177,116.28748049169177,21.0,553.8299999999999,44.183391287881776,309.74666435634975
additive,additive,pre-2026-prior,8,event_type,0,all,264,528,215.8219696969697,144.88541308926835,-70.93655660770135,89.88324145765397,113.47303217068404,117.98865811109724,21.0,553.0300000000002,27.122358416869254,398.0739616758106
additive,additive,pre-2026-prior,8,event_type,2,all,326,652,277.8174846625767,213.4396536821334,-64.37783098044332,87.03863181091985,108.73760431873906,118.96921295216514,62.51,516.96,78.57803490515451,389.90743159032564
additive,additive,pre-2026-prior,8,event_type,5,all,1052,2104,324.1083650190114,255.76051362705064,-68.34785139196077,95.07663687746805,120.15765774159833,135.32194985779734,47.03,690.9699999999998,97.8887796883527,489.502186939253
additive,additive,pre-2026-prior,10,event_type,3,all,1119,2238,434.04468275245756,339.0376293893409,-95.00705336311668,122.08128499454516,150.98103174159206,158.70454339775054,102.96000000000001,797.6300000000001,150.9326322839312,595.9244144007502
full-match,full-match,pre-2026-prior,6,event_type,0,all,601,1202,188.4567387687188,132.62225086901236,-55.83448789970643,73.81013383606872,97.20432346318412,113.5896941162001,18.009999999999998,556.9000000000001,22.45761856466055,361.85115566341085
full-match,full-match,pre-2026-prior,6,event_type,1,all,1259,2518,176.97061159650517,117.43962232529644,-59.53098927120874,72.80504514638368,94.89747631699656,99.98446992445629,21.0,553.8299999999999,18.07353218634464,374.35867183312956
full-match,full-match,pre-2026-prior,8,event_type,0,all,264,528,215.8219696969697,154.17257129703174,-61.64939839993794,81.5298782583081,104.82597797339362,114.50897004533064,21.0,553.0300000000002,35.552459365627044,431.68978393201985
full-match,full-match,pre-2026-prior,8,event_type,2,all,326,652,277.8174846625767,208.45624485736107,-69.36123980521565,89.6004621079109,111.42560357269384,117.89398414644805,62.51,516.96,66.83950640748914,406.5746989778481
full-match,full-match,pre-2026-prior,8,event_type,5,all,1052,2104,324.1083650190114,254.070547359169,-70.03781765984242,91.81663434379125,115.72573781482748,124.08900790362017,47.03,690.9699999999998,70.34512419800059,461.18494626582554
full-match,full-match,pre-2026-prior,10,event_type,3,all,1119,2238,434.04468275245756,367.178700974384,-66.86598177807355,106.3569617533388,133.90853661190283,157.55064510126803,102.96000000000001,797.6300000000001,148.36100301554254,525.3796399422351
mean,additive-control,pre-2026-prior,6,event_type,0,all,601,1202,188.4567387687188,150.999595578323,-37.457143190395804,100.01585940092356,130.26321863604517,167.14517339048493,18.009999999999998,556.9000000000001,143.99829244180822,158.00089871483777
mean,additive-control,pre-2026-prior,6,event_type,1,all,1259,2518,176.97061159650517,150.999595578323,-25.97101601818217,88.70214373826683,119.75023579280658,156.70072698441749,21.0,553.8299999999999,143.99829244180822,158.00089871483777
mean,additive-control,pre-2026-prior,8,event_type,0,all,264,528,215.8219696969697,165.51356273986863,-50.308406957101084,107.90925476386187,138.37871162453447,170.24699618160412,21.0,553.0300000000002,158.7150848890913,172.31204059064595
mean,additive-control,pre-2026-prior,8,event_type,2,all,326,652,277.8174846625767,165.51356273986858,-112.30392192270808,128.6637510630342,157.8307234068993,151.8574584672829,62.51,516.96,158.7150848890913,172.31204059064595
mean,additive-control,pre-2026-prior,8,event_type,5,all,1052,2104,324.1083650190114,165.51356273986863,-158.5948022791428,170.9807136184397,209.24798072082098,190.14509266848444,47.03,690.9699999999998,158.7150848890913,172.31204059064595
mean,additive-control,pre-2026-prior,10,event_type,3,all,1119,2238,434.04468275245756,178.55311527394448,-255.49156747851302,259.74537627054843,297.3584971532707,208.09829643725902,102.96000000000001,797.6300000000001,171.94597451406423,185.16025603382468
ridge,additive-control,pre-2026-prior,6,event_type,0,all,601,1202,188.4567387687188,118.57826831675762,-69.87847045196119,144.56650710551602,190.40504463217673,252.85504814801894,18.009999999999998,556.9000000000001,-265.7281954096996,614.5684681333163
ridge,additive-control,pre-2026-prior,6,event_type,1,all,1259,2518,176.97061159650517,110.03155729158941,-66.93905430491576,94.72622617232608,119.3871269971675,123.06996508197535,21.0,553.8299999999999,-98.51698882099556,428.8684110628732
ridge,additive-control,pre-2026-prior,8,event_type,0,all,264,528,215.8219696969697,137.91403747613148,-77.90793222083822,139.62468405268737,192.0372456614601,244.0762460655874,21.0,553.0300000000002,-341.0037078857701,566.4120129533636
ridge,additive-control,pre-2026-prior,8,event_type,2,all,326,652,277.8174846625767,203.80799673661207,-74.00948792596462,96.30159695993541,118.69123705062633,118.44528362682934,62.51,516.96,30.607484828773707,416.2043640253897
ridge,additive-control,pre-2026-prior,8,event_type,5,all,1052,2104,324.1083650190114,257.0951735560853,-67.01319146292609,94.47133194804195,117.93438388282306,127.58590177732484,47.03,690.9699999999998,27.00059889397697,571.7557067926646
ridge,additive-control,pre-2026-prior,10,event_type,3,all,1119,2238,434.04468275245756,368.9073959388577,-65.1372868135999,116.15920905300786,148.12073212185769,169.0802113866653,102.96000000000001,797.6300000000001,60.97371902528035,734.8452343381723
rolling-pridge,additive-control,pre-2026-prior,6,event_type,0,all,601,1202,188.4567387687188,114.83935393748114,-73.61738483123767,132.44358100426703,171.0846759117417,219.61754434961227,18.009999999999998,556.9000000000001,-208.49264187998185,553.0324371917819
rolling-pridge,additive-control,pre-2026-prior,6,event_type,1,all,1259,2518,176.97061159650517,103.90218453817401,-73.06842705833115,98.11332965153117,123.23501563580886,123.52930166181923,21.0,553.8299999999999,-109.64244790742009,424.0543467108643
rolling-pridge,additive-control,pre-2026-prior,8,event_type,0,all,264,528,215.8219696969697,136.53112672578177,-79.29084297118791,139.1168468114131,180.80134504815373,214.67784193690164,21.0,553.0300000000002,-242.52617390233874,574.2704330312621
rolling-pridge,additive-control,pre-2026-prior,8,event_type,2,all,326,652,277.8174846625767,211.97731590198055,-65.84016876059617,92.12859762614514,114.27112840601754,119.37883442044722,62.51,516.96,20.988408748810976,435.62545512528186
rolling-pridge,additive-control,pre-2026-prior,8,event_type,5,all,1052,2104,324.1083650190114,266.5278180209565,-57.580546998054935,91.08439980367584,113.82465960320052,129.2038506525269,47.03,690.9699999999998,17.874748722325247,612.0970137815902
rolling-pridge,additive-control,pre-2026-prior,10,event_type,3,all,1119,2238,434.04468275245756,380.4716975456418,-53.57298520681574,112.49621101998889,143.420409043407,169.10637314856734,102.96000000000001,797.6300000000001,65.8766726495782,749.4852856068475
teammate-set,teammate-set,pre-2026-prior,6,event_type,0,all,601,1202,188.4567387687188,134.75943928786916,-53.69729948084967,74.27413881705974,98.77587199758648,119.44975968982756,18.009999999999998,556.9000000000001,35.83137836425574,386.55835915210383
teammate-set,teammate-set,pre-2026-prior,6,event_type,1,all,1259,2518,176.97061159650517,120.73057736310288,-56.2400342334023,71.12346141236176,92.77130805242133,101.23762049413894,21.0,553.8299999999999,25.174912914283624,394.35276996344834
teammate-set,teammate-set,pre-2026-prior,8,event_type,0,all,264,528,215.8219696969697,153.79642277722132,-62.02554691974839,83.04430224284502,105.56809460294267,116.38418764458046,21.0,553.0300000000002,31.716970961921174,419.3910532558665
teammate-set,teammate-set,pre-2026-prior,8,event_type,2,all,326,652,277.8174846625767,211.19033874298293,-66.6271459195938,87.69013799857595,109.5270398272855,116.83828333995267,62.51,516.96,69.02632058379788,412.14198627311765
teammate-set,teammate-set,pre-2026-prior,8,event_type,5,all,1052,2104,324.1083650190114,259.2618674585535,-64.84649756045785,88.96687581410332,112.98006764758983,125.47925076300908,47.03,690.9699999999998,66.66481657129805,458.4751225505665
teammate-set,teammate-set,pre-2026-prior,10,event_type,3,all,1119,2238,434.04468275245756,360.9957806183184,-73.04890213413917,108.75596859987606,137.07609677441485,155.60613434005134,102.96000000000001,797.6300000000001,156.05792840805694,512.2071269389786
additive,additive,pre-2026-prior,6,observation_slice,all,high,11,22,320.8181818181818,218.09982125300078,-102.71836056518106,114.10605982448988,150.17847922272813,139.82477443734882,106.77,638.75,108.24987120258207,346.46311054685157
additive,additive,pre-2026-prior,6,observation_slice,all,low,802,1604,163.07980049875312,129.09867396588524,-33.98112653286787,70.80124662738352,96.5241446232621,126.19968327400449,18.0,496.8800000000001,31.527780310368453,259.7467061698423
additive,additive,pre-2026-prior,6,observation_slice,all,medium,1047,2094,192.69293218720154,147.33980832315416,-45.35312386404738,72.87145451450257,98.60098830174584,119.02825268728651,23.0,558.0700000000002,52.28538205238437,333.6346018543369
additive,additive,pre-2026-prior,8,observation_slice,all,high,1356,2712,314.63495575221236,246.9392661871599,-67.6956895650525,93.2916844849995,117.52140714630623,131.04714762558203,51.22,662.4499999999994,90.78671512025154,484.14454049126124
additive,additive,pre-2026-prior,8,observation_slice,all,low,264,528,215.8219696969697,144.88541308926835,-70.93655660770135,89.88324145765397,113.47303217068404,117.98865811109724,21.0,553.0300000000002,27.122358416869254,398.0739616758106
additive,additive,pre-2026-prior,8,observation_slice,all,medium,22,44,222.0681818181818,172.35193119290633,-49.7162506252755,85.98599108167978,119.68041947636631,163.94068179618745,34.46,611.83,81.88904190247469,326.63943911474405
additive,additive,pre-2026-prior,10,observation_slice,all,high,1067,2134,436.45735707591376,342.09045972481863,-94.3668973510951,121.08324556716151,149.83453508680608,156.2062218190642,117.0,799.3400000000001,153.67051308814166,596.9617975925777
additive,additive,pre-2026-prior,10,observation_slice,all,low,2,4,375.5,243.61893905371,-131.88106094628995,150.89507217236007,192.59267614468266,117.3893556688993,287.39,596.15,116.51405456647507,323.50545988129056
additive,additive,pre-2026-prior,10,observation_slice,all,medium,50,100,384.9,277.70697764366963,-107.19302235633036,142.22689488779994,171.99776365979707,205.99178855112132,59.58,724.4600000000003,139.8192308011338,426.3117605767173
full-match,full-match,pre-2026-prior,6,observation_slice,all,high,11,22,320.8181818181818,230.4029075270212,-90.41527429116057,102.78662483852828,128.6752688081768,93.92914491207564,106.77,638.75,54.37027379866846,385.24402721983887
full-match,full-match,pre-2026-prior,6,observation_slice,all,low,802,1604,163.07980049875312,110.34008406207191,-52.7397164366812,68.8340975254865,91.67396674152334,107.06132238369644,18.0,496.8800000000001,17.977005444597143,344.1849152902045
full-match,full-match,pre-2026-prior,6,observation_slice,all,medium,1047,2094,192.69293218720154,130.4061870861946,-62.286745101006936,76.1087327470013,98.1898672209831,102.73661595517582,23.0,558.0700000000002,21.044460022200433,381.72349643071
full-match,full-match,pre-2026-prior,8,observation_slice,all,high,1356,2712,314.63495575221236,244.62878936281552,-70.0061663893969,91.53847213959983,114.79863897839618,122.3105448014669,51.22,662.4499999999994,69.45963791205416,458.21486047658755
full-match,full-match,pre-2026-prior,8,observation_slice,all,low,264,528,215.8219696969697,154.17257129703174,-61.64939839993794,81.5298782583081,104.82597797339362,114.50897004533064,21.0,553.0300000000002,35.552459365627044,431.68978393201985
full-match,full-match,pre-2026-prior,8,observation_slice,all,medium,22,44,222.0681818181818,160.1051486076203,-61.96303321056154,76.12189797954385,109.95989615654426,142.10599493101324,34.46,611.83,50.26515800383813,359.97972024193473
full-match,full-match,pre-2026-prior,10,observation_slice,all,high,1067,2134,436.45735707591376,369.6436057680442,-66.81375130786954,105.85471040876446,133.50102347612386,155.985842494503,117.0,799.3400000000001,152.44967221469736,526.1729520091669
full-match,full-match,pre-2026-prior,10,observation_slice,all,low,2,4,375.5,350.30765120247065,-25.192348797529355,104.31255608972558,111.44449943193393,60.136932336985645,287.39,596.15,188.3759953702065,460.89170158605066
full-match,full-match,pre-2026-prior,10,observation_slice,all,medium,50,100,384.9,315.2524746685512,-69.64752533144882,117.1567816730996,143.09941590057835,190.1060879486526,59.58,724.4600000000003,99.83031214678617,473.19852061863344
mean,additive-control,pre-2026-prior,6,observation_slice,all,high,11,22,320.8181818181818,150.999595578323,-169.81858623985883,175.9094217995539,230.63635985482867,228.70697762282634,106.77,638.75,143.99829244180822,158.00089871483777
mean,additive-control,pre-2026-prior,6,observation_slice,all,low,802,1604,163.07980049875312,150.99959557832304,-12.080204920430125,88.30172602554906,114.09431270564842,158.7207736813048,18.0,496.8800000000001,143.99829244180822,158.00089871483777
mean,additive-control,pre-2026-prior,6,observation_slice,all,medium,1047,2094,192.69293218720154,150.999595578323,-41.69333660887853,94.58695563910943,128.27230748728775,160.36535648180757,23.0,558.0700000000002,143.99829244180822,158.00089871483777
mean,additive-control,pre-2026-prior,8,observation_slice,all,high,1356,2712,314.63495575221236,165.5135627398686,-149.1213930123438,161.67857070214856,198.90495230319982,180.96897828780558,51.22,662.4499999999994,158.7150848890913,172.31204059064595
mean,additive-control,pre-2026-prior,8,observation_slice,all,low,264,528,215.8219696969697,165.51356273986863,-50.308406957101084,107.90925476386187,138.37871162453447,170.24699618160412,21.0,553.0300000000002,158.7150848890913,172.31204059064595
mean,additive-control,pre-2026-prior,8,observation_slice,all,medium,22,44,222.0681818181818,165.51356273986863,-56.55461907831318,117.27053186519457,155.8970723195748,228.06687260323173,34.46,611.83,158.7150848890913,172.31204059064595
mean,additive-control,pre-2026-prior,10,observation_slice,all,high,1067,2134,436.45735707591376,178.55311527394448,-257.9042418019693,261.5315338633698,299.1170759926768,206.42481764466814,117.0,799.3400000000001,171.94597451406423,185.16025603382468
mean,additive-control,pre-2026-prior,10,observation_slice,all,low,2,4,375.5,178.55311527394446,-196.94688472605554,196.94688472605554,235.63398070986275,207.90668543245798,287.39,596.15,171.94597451406423,185.16025603382468
mean,additive-control,pre-2026-prior,10,observation_slice,all,medium,50,100,384.9,178.55311527394446,-206.34688472605555,224.14071290152094,259.52542348356303,241.06338252148265,59.58,724.4600000000003,171.94597451406423,185.16025603382468
ridge,additive-control,pre-2026-prior,6,observation_slice,all,high,11,22,320.8181818181818,251.2389297482566,-69.57925206992527,83.84541270624378,109.03263078229382,93.48489917265631,106.77,638.75,8.100187957393558,553.9682879678452
ridge,additive-control,pre-2026-prior,6,observation_slice,all,low,802,1604,163.07980049875312,95.20098234889693,-67.87881814985619,125.22357088175005,165.957041177876,212.1941020254131,18.0,496.8800000000001,-232.90978099298488,571.978562493228
ridge,additive-control,pre-2026-prior,6,observation_slice,all,medium,1047,2094,192.69293218720154,124.81418702715972,-67.8787451600418,100.08900299373587,129.33724798834686,142.5888731277345,23.0,558.0700000000002,-100.82403121494237,516.5002503191828
ridge,additive-control,pre-2026-prior,8,observation_slice,all,high,1356,2712,314.63495575221236,245.63354549131995,-69.00141026089244,95.05780755341713,118.19412863624997,125.23123741079172,51.22,662.4499999999994,32.5677361689156,552.850004456363
ridge,additive-control,pre-2026-prior,8,observation_slice,all,low,264,528,215.8219696969697,137.91403747613148,-77.90793222083822,139.62468405268737,192.0372456614601,244.0762460655874,21.0,553.0300000000002,-341.0037078857701,566.4120129533636
ridge,additive-control,pre-2026-prior,8,observation_slice,all,medium,22,44,222.0681818181818,173.92917413215568,-48.139007686026154,85.44430799297534,113.05736522391517,140.1641512678368,34.46,611.83,13.177855277415905,400.57418344693747
ridge,additive-control,pre-2026-prior,10,observation_slice,all,high,1067,2134,436.45735707591376,373.60238736075553,-62.8549697151582,113.92737586531872,145.08495629318816,165.8621548956559,117.0,799.3400000000001,78.39799391571667,735.3945007281833
ridge,additive-control,pre-2026-prior,10,observation_slice,all,low,2,4,375.5,218.21424174347075,-157.28575825652925,157.28575825652925,167.995537588912,115.86401339311973,287.39,596.15,144.1683578039477,352.6759645103107
ridge,additive-control,pre-2026-prior,10,observation_slice,all,medium,50,100,384.9,274.7440051633715,-110.15599483662854,162.1414673101531,201.70106389896804,228.46503006675098,59.58,724.4600000000003,-7.501436594587673,567.9059857514014
rolling-pridge,additive-control,pre-2026-prior,6,observation_slice,all,high,11,22,320.8181818181818,245.44090370676696,-75.3772781114148,85.15367922623027,115.0570765958075,92.508805780948,106.77,638.75,-5.54415511196008,556.1159746953392
rolling-pridge,additive-control,pre-2026-prior,6,observation_slice,all,low,802,1604,163.07980049875312,91.20485219221871,-71.8749483065344,119.30961613347037,153.69781285171723,190.70283073588357,18.0,496.8800000000001,-194.94806683942218,491.6316525630557
rolling-pridge,additive-control,pre-2026-prior,6,observation_slice,all,medium,1047,2094,192.69293218720154,118.41944665812167,-74.27348552907986,101.71945711968526,129.72764917748506,134.49157742029843,23.0,558.0700000000002,-111.94816133536145,455.35929069135443
rolling-pridge,additive-control,pre-2026-prior,8,observation_slice,all,high,1356,2712,314.63495575221236,254.95425290015893,-59.68070285205351,91.33633732361619,113.88490621540357,126.72770619455133,51.22,662.4499999999994,19.15305378323848,590.1819424361033
rolling-pridge,additive-control,pre-2026-prior,8,observation_slice,all,low,264,528,215.8219696969697,136.53112672578177,-79.29084297118791,139.1168468114131,180.80134504815373,214.67784193690164,21.0,553.0300000000002,-242.52617390233874,574.2704330312621
rolling-pridge,additive-control,pre-2026-prior,8,observation_slice,all,medium,22,44,222.0681818181818,171.54102770347347,-50.527154114708374,91.02900039848754,116.70273935362042,139.8684151474728,34.46,611.83,1.8693654091066052,420.96461065144564
rolling-pridge,additive-control,pre-2026-prior,10,observation_slice,all,high,1067,2134,436.45735707591376,385.48241886733194,-50.97493820858186,110.13783096412429,140.17599943923932,165.24332081434554,117.0,799.3400000000001,71.48491351762978,758.9959425126677
rolling-pridge,additive-control,pre-2026-prior,10,observation_slice,all,low,2,4,375.5,213.75560294922641,-161.7443970507736,161.7443970507736,175.8505263844709,137.55163049374156,287.39,596.15,126.17613109827096,341.11015606026797
rolling-pridge,additive-control,pre-2026-prior,10,observation_slice,all,medium,50,100,384.9,280.2115483246316,-104.68845167536846,160.85411397090854,199.47493602763586,237.79611270840454,59.58,724.4600000000003,-15.7486043210923,544.407387788219
teammate-set,teammate-set,pre-2026-prior,6,observation_slice,all,high,11,22,320.8181818181818,248.14134615416103,-72.6768356640208,93.93908435514322,117.10891105390505,102.16620359321702,106.77,638.75,68.47227574179215,401.09666646039705
teammate-set,teammate-set,pre-2026-prior,6,observation_slice,all,low,802,1604,163.07980049875312,112.60933145946437,-50.47046903928875,69.24038485325947,93.10116771164977,112.57081174427196,18.0,496.8800000000001,24.279434259376092,359.4834955064129
teammate-set,teammate-set,pre-2026-prior,6,observation_slice,all,medium,1047,2094,192.69293218720154,133.66569367141324,-59.027238515788284,74.13474380801881,95.73975030233936,103.43140795183106,23.0,558.0700000000002,28.815982125883252,395.762778287642
teammate-set,teammate-set,pre-2026-prior,8,observation_slice,all,high,1356,2712,314.63495575221236,249.3082610552003,-65.3266946970121,88.87093050456534,112.22432935994786,123.20464759884607,51.22,662.4499999999994,69.03371328756748,456.6945801127874
teammate-set,teammate-set,pre-2026-prior,8,observation_slice,all,low,264,528,215.8219696969697,153.79642277722132,-62.02554691974839,83.04430224284502,105.56809460294267,116.38418764458046,21.0,553.0300000000002,31.716970961921174,419.3910532558665
teammate-set,teammate-set,pre-2026-prior,8,observation_slice,all,medium,22,44,222.0681818181818,160.43331844359898,-61.63486337458285,75.96166271735702,108.94759897632274,139.9390110272081,34.46,611.83,47.59047742817393,394.0099510274021
teammate-set,teammate-set,pre-2026-prior,10,observation_slice,all,high,1067,2134,436.45735707591376,363.3623849459859,-73.09497212992791,108.47753742801936,136.9493777645432,155.0479919570883,117.0,799.3400000000001,159.4960409832118,512.2071269389786
teammate-set,teammate-set,pre-2026-prior,10,observation_slice,all,low,2,4,375.5,328.6328634581379,-46.867136541862145,108.52568001420758,121.94117260661544,59.84305695723289,287.39,596.15,189.10348555496327,408.8939629346022
teammate-set,teammate-set,pre-2026-prior,10,observation_slice,all,medium,50,100,384.9,311.7869609523015,-73.11303904769846,114.70690135072456,140.31279268018127,169.5248607371829,59.58,724.4600000000003,123.49959066446331,489.172961858635
additive,additive,pre-2026-prior,6,event_type_observation,0,low,526,1052,176.01425855513307,133.88385729693638,-42.13040125819671,76.40767769701478,104.07325868547166,134.54054610092513,17.509999999999998,542.7200000000003,38.91159625762008,260.61100078030086
additive,additive,pre-2026-prior,6,event_type_observation,0,medium,75,150,275.72,194.08197727812802,-81.63802272187196,99.72002045893511,123.50296656485514,130.39541776533503,42.41,570.9699999999996,93.16957331908986,333.6342932009537
additive,additive,pre-2026-prior,6,event_type_observation,1,high,11,22,320.8181818181818,218.09982125300078,-102.71836056518106,114.10605982448988,150.17847922272813,139.82477443734882,106.77,638.75,108.24987120258207,346.46311054685157
additive,additive,pre-2026-prior,6,event_type_observation,1,low,276,552,138.42934782608697,119.97908544366464,-18.45026238242232,60.116526545405115,80.1928903742961,108.54324210339142,18.0,445.0,20.31663282318162,249.14217742385463
additive,additive,pre-2026-prior,6,event_type_observation,1,medium,972,1944,186.28652263374485,143.73315948403578,-42.553363149709064,70.79980590767906,96.41262098615837,118.10570018615007,23.0,557.5699999999999,51.13039935954703,323.930219373371
additive,additive,pre-2026-prior,8,event_type_observation,0,low,264,528,215.8219696969697,144.88541308926835,-70.93655660770135,89.88324145765397,113.47303217068404,117.98865811109724,21.0,553.0300000000002,27.122358416869254,398.0739616758106
additive,additive,pre-2026-prior,8,event_type_observation,2,high,326,652,277.8174846625767,213.4396536821334,-64.37783098044332,87.03863181091985,108.73760431873906,118.96921295216514,62.51,516.96,78.57803490515451,389.90743159032564
additive,additive,pre-2026-prior,8,event_type_observation,5,high,1030,2060,326.2878640776699,257.54205616447894,-68.74580791319096,95.27080601097033,120.16783050666723,134.64434143888758,50.59,691.4100000000001,98.79877707963006,491.9455796405402
additive,additive,pre-2026-prior,8,event_type_observation,5,medium,22,44,222.0681818181818,172.35193119290633,-49.7162506252755,85.98599108167978,119.68041947636631,163.94068179618745,34.46,611.83,81.88904190247469,326.63943911474405
additive,additive,pre-2026-prior,10,event_type_observation,3,high,1067,2134,436.45735707591376,342.09045972481863,-94.3668973510951,121.08324556716151,149.83453508680608,156.2062218190642,117.0,799.3400000000001,153.67051308814166,596.9617975925777
additive,additive,pre-2026-prior,10,event_type_observation,3,low,2,4,375.5,243.61893905371,-131.88106094628995,150.89507217236007,192.59267614468266,117.3893556688993,287.39,596.15,116.51405456647507,323.50545988129056
additive,additive,pre-2026-prior,10,event_type_observation,3,medium,50,100,384.9,277.70697764366963,-107.19302235633036,142.22689488779994,171.99776365979707,205.99178855112132,59.58,724.4600000000003,139.8192308011338,426.3117605767173
full-match,full-match,pre-2026-prior,6,event_type_observation,0,low,526,1052,176.01425855513307,122.24611154255562,-53.76814701257746,71.4706544985037,95.38379672104507,113.23607210598452,17.509999999999998,542.7200000000003,21.858226156152185,346.6588064296153
full-match,full-match,pre-2026-prior,6,event_type_observation,0,medium,75,150,275.72,205.39357467856246,-70.32642532143755,90.21768225685801,109.12212463720599,116.03948538234201,42.41,570.9699999999996,42.50496965133372,381.85094455890084
full-match,full-match,pre-2026-prior,6,event_type_observation,1,high,11,22,320.8181818181818,230.4029075270212,-90.41527429116057,102.78662483852828,128.6752688081768,93.92914491207564,106.77,638.75,54.37027379866846,385.24402721983887
full-match,full-match,pre-2026-prior,6,event_type_observation,1,low,276,552,138.42934782608697,87.64961139999065,-50.779736426096306,63.80935488850443,84.15214505511763,94.17911997170701,18.0,445.0,14.757323217493422,303.8175729951185
full-match,full-match,pre-2026-prior,6,event_type_observation,1,medium,972,1944,186.28652263374485,124.6201232287588,-61.66639940498606,75.02007923543829,97.29529486529624,101.63782869416933,23.0,557.5699999999999,20.84295322484629,376.53046989227215
full-match,full-match,pre-2026-prior,8,event_type_observation,0,low,264,528,215.8219696969697,154.17257129703174,-61.64939839993794,81.5298782583081,104.82597797339362,114.50897004533064,21.0,553.0300000000002,35.552459365627044,431.68978393201985
full-match,full-match,pre-2026-prior,8,event_type_observation,2,high,326,652,277.8174846625767,208.45624485736107,-69.36123980521565,89.6004621079109,111.42560357269384,117.89398414644805,62.51,516.96,66.83950640748914,406.5746989778481
full-match,full-match,pre-2026-prior,8,event_type_observation,5,high,1030,2060,326.2878640776699,256.0775752936681,-70.21028878400182,92.15186172244506,115.84576150498683,123.67555282237483,50.59,691.4100000000001,72.74382581913298,461.4465284184465
full-match,full-match,pre-2026-prior,8,event_type_observation,5,medium,22,44,222.0681818181818,160.1051486076203,-61.96303321056154,76.12189797954385,109.95989615654426,142.10599493101324,34.46,611.83,50.26515800383813,359.97972024193473
full-match,full-match,pre-2026-prior,10,event_type_observation,3,high,1067,2134,436.45735707591376,369.6436057680442,-66.81375130786954,105.85471040876446,133.50102347612386,155.985842494503,117.0,799.3400000000001,152.44967221469736,526.1729520091669
full-match,full-match,pre-2026-prior,10,event_type_observation,3,low,2,4,375.5,350.30765120247065,-25.192348797529355,104.31255608972558,111.44449943193393,60.136932336985645,287.39,596.15,188.3759953702065,460.89170158605066
full-match,full-match,pre-2026-prior,10,event_type_observation,3,medium,50,100,384.9,315.2524746685512,-69.64752533144882,117.1567816730996,143.09941590057835,190.1060879486526,59.58,724.4600000000003,99.83031214678617,473.19852061863344
mean,additive-control,pre-2026-prior,6,event_type_observation,0,low,526,1052,176.01425855513307,150.999595578323,-25.014662976810083,94.2747206380807,122.37132437896328,167.5909920144072,17.509999999999998,542.7200000000003,143.99829244180822,158.00089871483777
mean,additive-control,pre-2026-prior,6,event_type_observation,0,medium,75,150,275.72,150.99959557832304,-124.72040442167699,140.2803792576615,175.9302286652358,163.98444412925863,42.41,570.9699999999996,143.99829244180822,158.00089871483777
mean,additive-control,pre-2026-prior,6,event_type_observation,1,high,11,22,320.8181818181818,150.999595578323,-169.81858623985883,175.9094217995539,230.63635985482867,228.70697762282634,106.77,638.75,143.99829244180822,158.00089871483777
mean,additive-control,pre-2026-prior,6,event_type_observation,1,low,276,552,138.42934782608697,150.999595578323,12.570247752236039,76.91841020601409,96.37131909708671,140.271297802794,18.0,445.0,143.99829244180822,158.00089871483777
mean,additive-control,pre-2026-prior,6,event_type_observation,1,medium,972,1944,186.28652263374485,150.999595578323,-35.28692705542186,91.0612285080483,123.83512516794066,160.08270576899898,23.0,557.5699999999999,143.99829244180822,158.00089871483777
mean,additive-control,pre-2026-prior,8,event_type_observation,0,low,264,528,215.8219696969697,165.51356273986863,-50.308406957101084,107.90925476386187,138.37871162453447,170.24699618160412,21.0,553.0300000000002,158.7150848890913,172.31204059064595
mean,additive-control,pre-2026-prior,8,event_type_observation,2,high,326,652,277.8174846625767,165.51356273986858,-112.30392192270808,128.6637510630342,157.8307234068993,151.8574584672829,62.51,516.96,158.7150848890913,172.31204059064595
mean,additive-control,pre-2026-prior,8,event_type_observation,5,high,1030,2060,326.2878640776699,165.51356273986863,-160.7743013378013,172.127921384043,210.23989304159988,189.25224711032118,50.59,691.4100000000001,158.7150848890913,172.31204059064595
mean,additive-control,pre-2026-prior,8,event_type_observation,5,medium,22,44,222.0681818181818,165.51356273986863,-56.55461907831318,117.27053186519457,155.8970723195748,228.06687260323173,34.46,611.83,158.7150848890913,172.31204059064595
mean,additive-control,pre-2026-prior,10,event_type_observation,3,high,1067,2134,436.45735707591376,178.55311527394448,-257.9042418019693,261.5315338633698,299.1170759926768,206.42481764466814,117.0,799.3400000000001,171.94597451406423,185.16025603382468
mean,additive-control,pre-2026-prior,10,event_type_observation,3,low,2,4,375.5,178.55311527394446,-196.94688472605554,196.94688472605554,235.63398070986275,207.90668543245798,287.39,596.15,171.94597451406423,185.16025603382468
mean,additive-control,pre-2026-prior,10,event_type_observation,3,medium,50,100,384.9,178.55311527394446,-206.34688472605555,224.14071290152094,259.52542348356303,241.06338252148265,59.58,724.4600000000003,171.94597451406423,185.16025603382468
ridge,additive-control,pre-2026-prior,6,event_type_observation,0,low,526,1052,176.01425855513307,103.96400881060696,-72.05024974452613,142.5019527057065,187.0206359792997,245.59646974442083,17.509999999999998,542.7200000000003,-275.23547048753716,586.2201999726793
ridge,additive-control,pre-2026-prior,6,event_type_observation,0,medium,75,150,275.72,221.07294165322762,-54.64705834677237,159.04591529618043,212.6326684673075,298.8482256832286,42.41,570.9699999999996,-163.56996540337653,827.4884325467932
ridge,additive-control,pre-2026-prior,6,event_type_observation,1,high,11,22,320.8181818181818,251.2389297482566,-69.57925206992527,83.84541270624378,109.03263078229382,93.48489917265631,106.77,638.75,8.100187957393558,553.9682879678452
ridge,additive-control,pre-2026-prior,6,event_type_observation,1,low,276,552,138.42934782608697,78.50043191824669,-59.92891590784027,92.29448088392004,115.6381361650367,126.03270468099052,18.0,445.0,-118.0531111218675,341.56978224626624
ridge,additive-control,pre-2026-prior,6,event_type_observation,1,medium,972,1944,186.28652263374485,117.38681398502486,-68.89970864872001,95.53985852595466,120.5414595549974,122.51186919511738,23.0,557.5699999999999,-92.96008694699427,427.8940257002814
ridge,additive-control,pre-2026-prior,8,event_type_observation,0,low,264,528,215.8219696969697,137.91403747613148,-77.90793222083822,139.62468405268737,192.0372456614601,244.0762460655874,21.0,553.0300000000002,-341.0037078857701,566.4120129533636
ridge,additive-control,pre-2026-prior,8,event_type_observation,2,high,326,652,277.8174846625767,203.80799673661207,-74.00948792596462,96.30159695993541,118.69123705062633,118.44528362682934,62.51,516.96,30.607484828773707,416.2043640253897
ridge,additive-control,pre-2026-prior,8,event_type_observation,5,high,1030,2060,326.2878640776699,258.8715347088295,-67.41632936884047,94.66414216844143,118.03635523725181,127.30368480165149,50.59,691.4100000000001,33.56068975387291,572.3153074437898
ridge,additive-control,pre-2026-prior,8,event_type_observation,5,medium,22,44,222.0681818181818,173.92917413215568,-48.139007686026154,85.44430799297534,113.05736522391517,140.1641512678368,34.46,611.83,13.177855277415905,400.57418344693747
ridge,additive-control,pre-2026-prior,10,event_type_observation,3,high,1067,2134,436.45735707591376,373.60238736075553,-62.8549697151582,113.92737586531872,145.08495629318816,165.8621548956559,117.0,799.3400000000001,78.39799391571667,735.3945007281833
ridge,additive-control,pre-2026-prior,10,event_type_observation,3,low,2,4,375.5,218.21424174347075,-157.28575825652925,157.28575825652925,167.995537588912,115.86401339311973,287.39,596.15,144.1683578039477,352.6759645103107
ridge,additive-control,pre-2026-prior,10,event_type_observation,3,medium,50,100,384.9,274.7440051633715,-110.15599483662854,162.1414673101531,201.70106389896804,228.46503006675098,59.58,724.4600000000003,-7.501436594587673,567.9059857514014
rolling-pridge,additive-control,pre-2026-prior,6,event_type_observation,0,low,526,1052,176.01425855513307,100.82982383296161,-75.18443472217146,132.0977632045202,169.29772748931896,217.1016790597586,17.509999999999998,542.7200000000003,-208.18196195333073,496.9789767786265
rolling-pridge,additive-control,pre-2026-prior,6,event_type_observation,0,medium,75,150,275.72,213.09285840384473,-62.627141596155255,134.86891650649153,183.12781565686646,236.51131606135505,42.41,570.9699999999996,-230.2259888385609,705.3022798596319
rolling-pridge,additive-control,pre-2026-prior,6,event_type_observation,1,high,11,22,320.8181818181818,245.44090370676696,-75.3772781114148,85.15367922623027,115.0570765958075,92.508805780948,106.77,638.75,-5.54415511196008,556.1159746953392
rolling-pridge,additive-control,pre-2026-prior,6,event_type_observation,1,low,276,552,138.42934782608697,72.8616091377594,-65.56773868832755,94.9380025125566,118.4072310893012,125.89908138236247,18.0,445.0,-127.0541103911195,331.27156199880284
rolling-pridge,additive-control,pre-2026-prior,6,event_type_observation,1,medium,972,1944,186.28652263374485,111.11439945551959,-75.17212317822526,99.1616284632959,124.66025250567552,123.15636062888686,23.0,557.5699999999999,-106.02531356161538,421.8838677737578
rolling-pridge,additive-control,pre-2026-prior,8,event_type_observation,0,low,264,528,215.8219696969697,136.53112672578177,-79.29084297118791,139.1168468114131,180.80134504815373,214.67784193690164,21.0,553.0300000000002,-242.52617390233874,574.2704330312621
rolling-pridge,additive-control,pre-2026-prior,8,event_type_observation,2,high,326,652,277.8174846625767,211.97731590198055,-65.84016876059617,92.12859762614514,114.27112840601754,119.37883442044722,62.51,516.96,20.988408748810976,435.62545512528186
rolling-pridge,additive-control,pre-2026-prior,8,event_type_observation,5,high,1030,2060,326.2878640776699,268.55666208599007,-57.73120199167982,91.085583091942,113.76239183774172,128.96644489616543,50.59,691.4100000000001,19.6775410906811,612.1036478102607
rolling-pridge,additive-control,pre-2026-prior,8,event_type_observation,5,medium,22,44,222.0681818181818,171.54102770347347,-50.527154114708374,91.02900039848754,116.70273935362042,139.8684151474728,34.46,611.83,1.8693654091066052,420.96461065144564
rolling-pridge,additive-control,pre-2026-prior,10,event_type_observation,3,high,1067,2134,436.45735707591376,385.48241886733194,-50.97493820858186,110.13783096412429,140.17599943923932,165.24332081434554,117.0,799.3400000000001,71.48491351762978,758.9959425126677
rolling-pridge,additive-control,pre-2026-prior,10,event_type_observation,3,low,2,4,375.5,213.75560294922641,-161.7443970507736,161.7443970507736,175.8505263844709,137.55163049374156,287.39,596.15,126.17613109827096,341.11015606026797
rolling-pridge,additive-control,pre-2026-prior,10,event_type_observation,3,medium,50,100,384.9,280.2115483246316,-104.68845167536846,160.85411397090854,199.47493602763586,237.79611270840454,59.58,724.4600000000003,-15.7486043210923,544.407387788219
teammate-set,teammate-set,pre-2026-prior,6,event_type_observation,0,low,526,1052,176.01425855513307,124.75204230368654,-51.26221625144654,72.04323043832476,97.09133953163627,119.2147629237016,17.509999999999998,542.7200000000003,35.73593256215557,368.82334525800127
teammate-set,teammate-set,pre-2026-prior,6,event_type_observation,0,medium,75,150,275.72,204.9446501369364,-70.77534986306362,89.92024291325447,109.86666869025478,121.08505536272075,42.41,570.9699999999996,45.743288941608284,390.80057580263804
teammate-set,teammate-set,pre-2026-prior,6,event_type_observation,1,high,11,22,320.8181818181818,248.14134615416103,-72.6768356640208,93.93908435514322,117.10891105390505,102.16620359321702,106.77,638.75,68.47227574179215,401.09666646039705
teammate-set,teammate-set,pre-2026-prior,6,event_type_observation,1,low,276,552,138.42934782608697,89.46778832880908,-48.96155949727787,63.89872986143216,84.9795064540449,98.67782629570627,18.0,445.0,22.949280356146232,321.3603099200063
teammate-set,teammate-set,pre-2026-prior,6,event_type_observation,1,medium,972,1944,186.28652263374485,128.1657741910488,-58.12074844269605,72.91672690175062,94.56204612415766,101.94227716222743,23.0,557.5699999999999,28.779075040818427,396.13511439136875
teammate-set,teammate-set,pre-2026-prior,8,event_type_observation,0,low,264,528,215.8219696969697,153.79642277722132,-62.02554691974839,83.04430224284502,105.56809460294267,116.38418764458046,21.0,553.0300000000002,31.716970961921174,419.3910532558665
teammate-set,teammate-set,pre-2026-prior,8,event_type_observation,2,high,326,652,277.8174846625767,211.19033874298293,-66.6271459195938,87.69013799857595,109.5270398272855,116.83828333995267,62.51,516.96,69.02632058379788,412.14198627311765
teammate-set,teammate-set,pre-2026-prior,8,event_type_observation,5,high,1030,2060,326.2878640776699,261.37276850547494,-64.91509557219499,89.24465706471342,113.06462932361242,125.15217993063796,50.59,691.4100000000001,70.27594098106438,459.1914652043481
teammate-set,teammate-set,pre-2026-prior,8,event_type_observation,5,medium,22,44,222.0681818181818,160.43331844359898,-61.63486337458285,75.96166271735702,108.94759897632274,139.9390110272081,34.46,611.83,47.59047742817393,394.0099510274021
teammate-set,teammate-set,pre-2026-prior,10,event_type_observation,3,high,1067,2134,436.45735707591376,363.3623849459859,-73.09497212992791,108.47753742801936,136.9493777645432,155.0479919570883,117.0,799.3400000000001,159.4960409832118,512.2071269389786
teammate-set,teammate-set,pre-2026-prior,10,event_type_observation,3,low,2,4,375.5,328.6328634581379,-46.867136541862145,108.52568001420758,121.94117260661544,59.84305695723289,287.39,596.15,189.10348555496327,408.8939629346022
teammate-set,teammate-set,pre-2026-prior,10,event_type_observation,3,medium,50,100,384.9,311.7869609523015,-73.11303904769846,114.70690135072456,140.31279268018127,169.5248607371829,59.58,724.4600000000003,123.49959066446331,489.172961858635
