relative_path,bytes,modified_at_utc,sha256
runs/frozen_prior_warmup_sidecars_v58_2026/events.out.tfevents.1780164180.Anubis.36724.0,397644,2026-05-30T18:18:50.665372+00:00,3e3e03b7c6458b3d9b25fba421dbbf4feafe1397d6bb53f4a55008fd7cb7a708
runs/frozen_prior_warmup_v58_2026/events.out.tfevents.1780160853.Anubis.9840.0,381114,2026-05-30T17:20:04.283009+00:00,51c365a76f15e9375dc342b603f65c779442f46de861cc07abd676fb32b906ad
runs/prior_grid_1783866309/events.out.tfevents.1783866309.Anubis.61408.1,2604,2026-07-12T14:25:09.864677+00:00,f6b839fd1a5afaf5ab42239aabec45f7ebd61c74a2f491fe5a7c95a263220f91
runs/prior_grid_1783866447/events.out.tfevents.1783866447.Anubis.69128.1,2604,2026-07-12T14:27:27.962638+00:00,d388ca14b828fc09876102a4a6f47b7379ff2b46ef886e068819abc357620477
runs/prior_grid_1783871875/events.out.tfevents.1783871875.Anubis.20872.1,2604,2026-07-12T15:57:56.771524+00:00,7b399b15c490d35de29d8ac074b8e3687a4cb211ca44bee5d989d50ddaa92760
runs/prior_grid_1783872072/events.out.tfevents.1783872072.Anubis.67560.1,2604,2026-07-12T16:01:12.977486+00:00,e89dbdb71a49dabd62a29651b3d4677e241774207852424a6603daf1e2f1eb95
runs/reference-2026-static/2026-static-z-base/additive/fold_10/refit/contract/events.out.tfevents.1783880345.Anubis.45924.22,1024,2026-07-12T18:19:05.361307+00:00,b99e8c9fd0198d7aa15c19efa6fe3248e5b010fa8c33a735f41f09309a75d3ad
runs/reference-2026-static/2026-static-z-base/additive/fold_10/refit/events.out.tfevents.1783880345.Anubis.45924.21,178997,2026-07-12T18:19:58.502227+00:00,b5078e693cd3239970d59ea62993cbacd9e5208116c3326d64c835ed97062855
runs/reference-2026-static/2026-static-z-base/additive/fold_10/refit/outcomes/events.out.tfevents.1783880401.Anubis.45924.23,2203,2026-07-12T18:20:01.211053+00:00,36bcdaa422dda3d47483319c097216755240a466d8fc8637f5d3902d34a4f1e4
runs/reference-2026-static/2026-static-z-base/additive/fold_10/selection/contract/events.out.tfevents.1783880274.Anubis.45924.19,1024,2026-07-12T18:17:54.082646+00:00,408b49e8ab6dc8df3d5af0f5cf32bf792f42edc418b5bd874ffdeae90a5f820f
runs/reference-2026-static/2026-static-z-base/additive/fold_10/selection/events.out.tfevents.1783880274.Anubis.45924.18,208909,2026-07-12T18:18:54.755834+00:00,bcdbb5f778a5fda0022b3837a897b036b0264b39608976d79580ba11944b3a12
runs/reference-2026-static/2026-static-z-base/additive/fold_10/selection/outcomes/events.out.tfevents.1783880344.Anubis.45924.20,3693,2026-07-12T18:19:04.825207+00:00,d1ba132a22d9ca84d69af00155c6ebaf6f12759ee8d696d85fca039537400676
runs/reference-2026-static/2026-static-z-base/additive/fold_6/refit/contract/events.out.tfevents.1783880034.Anubis.45924.10,1024,2026-07-12T18:13:54.080473+00:00,b2034a2cab3fbfe429a53f0ed2105747dabf3e0cf730e2dd2028f34d1d11e6cc
runs/reference-2026-static/2026-static-z-base/additive/fold_6/refit/events.out.tfevents.1783880034.Anubis.45924.9,170755,2026-07-12T18:14:59.370015+00:00,d62b9b4b0933c60709e26aff955f948da204008891146fb88e9017b040a0e7dd
runs/reference-2026-static/2026-static-z-base/additive/fold_6/refit/outcomes/events.out.tfevents.1783880103.Anubis.45924.11,2203,2026-07-12T18:15:03.634151+00:00,7ed07580aa5e7fdbfb53086cb4a00bb804165d9c3fabf505b57c39bb4af45513
runs/reference-2026-static/2026-static-z-base/additive/fold_6/selection/contract/events.out.tfevents.1783879979.Anubis.45924.7,1024,2026-07-12T18:12:59.117120+00:00,b444caf07da05522e64f051502899dc80dc59cb331100738c654438a4c6e283f
runs/reference-2026-static/2026-static-z-base/additive/fold_6/selection/events.out.tfevents.1783879979.Anubis.45924.6,182484,2026-07-12T18:13:33.288343+00:00,594ee16628b91fcf68af04e4ccd282efa52a249de2a395d64fb7785cd871c4db
runs/reference-2026-static/2026-static-z-base/additive/fold_6/selection/outcomes/events.out.tfevents.1783880032.Anubis.45924.8,3693,2026-07-12T18:13:52.701308+00:00,2444e09b8f02c12ac22735bbde4e168133fd607c8f191285115052cb54544880
runs/reference-2026-static/2026-static-z-base/additive/fold_8/refit/contract/events.out.tfevents.1783880175.Anubis.45924.16,1024,2026-07-12T18:16:15.813322+00:00,ebcb7ce99a3305e2fe90a6e04476b7eabc1b49b735f7b54bdc7a679862a0e5e8
runs/reference-2026-static/2026-static-z-base/additive/fold_8/refit/events.out.tfevents.1783880175.Anubis.45924.15,168787,2026-07-12T18:17:46.358599+00:00,85dc67bafb548c1b238a24b3a234697f74ddf4e24355486189cedb3cb4d8ad06
runs/reference-2026-static/2026-static-z-base/additive/fold_8/refit/outcomes/events.out.tfevents.1783880271.Anubis.45924.17,2203,2026-07-12T18:17:51.266585+00:00,a37c06861c79c33106fc5e6511856853cf3f6179beda19f51dfd11bf6a3d069b
runs/reference-2026-static/2026-static-z-base/additive/fold_8/selection/contract/events.out.tfevents.1783880107.Anubis.45924.13,1024,2026-07-12T18:15:07.904542+00:00,3f7daddc4e5c5442556e2601054f17035c7d658a0462ddb33aa5d39d3288fc99
runs/reference-2026-static/2026-static-z-base/additive/fold_8/selection/events.out.tfevents.1783880107.Anubis.45924.12,187336,2026-07-12T18:16:01.849458+00:00,ea0d8ba5df179a335340a01b95b203dc4126202b4d6eb9d4922a6ff2627e0a01
runs/reference-2026-static/2026-static-z-base/additive/fold_8/selection/outcomes/events.out.tfevents.1783880175.Anubis.45924.14,3693,2026-07-12T18:16:15.168624+00:00,972ffb6fd74b40702097d0cb320d99a7334bdd47ef87e62e111b84581da3f0a2
runs/reference-2026-static/2026-static-z-base/development/pre-2026-prior/contract/events.out.tfevents.1783879849.Anubis.45924.1,1026,2026-07-12T18:10:49.083195+00:00,2efe1857163a9669680de66e1595a87b9d9ae8f556676d30ef480a886f00b243
runs/reference-2026-static/2026-static-z-base/development/pre-2026-prior/events.out.tfevents.1783879849.Anubis.45924.0,968939,2026-07-12T18:11:39.662656+00:00,c2d752b4e2c48954c9c01a11dca2331ee582e8e3b06f6b9ca78ac0309eac1128
runs/reference-2026-static/2026-static-z-base/development/pre-2026-prior/outcomes/events.out.tfevents.1783879916.Anubis.45924.2,3697,2026-07-12T18:11:56.515868+00:00,baaec7a5fe2742a112c9c6518570d306560efb3b4ae6cddaa1b678be59dc4b88
runs/reference-2026-static/2026-static-z-base/development/random/contract/events.out.tfevents.1783879917.Anubis.45924.4,1018,2026-07-12T18:11:57.958194+00:00,acba4e9b284fef48e518e28a75f4c3a9c030fd33b0c244dc75f32e0d3b343a24
runs/reference-2026-static/2026-static-z-base/development/random/events.out.tfevents.1783879917.Anubis.45924.3,968695,2026-07-12T18:12:41.441165+00:00,1d2a8fc89ef752c5d6d93e7ff0f37fae7e69f7436ebc81b4c6dd0f20926713a5
runs/reference-2026-static/2026-static-z-base/development/random/outcomes/events.out.tfevents.1783879977.Anubis.45924.5,3689,2026-07-12T18:12:57.693593+00:00,6ff68fcedf1c4fdf6b1476176c01a8d3e975fbaf41a11eb1dae2de8636281a98
runs/reference-2026-static/2026-static-z-base/full-match/fold_10/refit/contract/events.out.tfevents.1783881990.Anubis.45924.58,1026,2026-07-12T18:46:30.311747+00:00,eb0143220f456cd73a851d34bccf04db4068143d178a37965d31bb4b52fd4657
runs/reference-2026-static/2026-static-z-base/full-match/fold_10/refit/events.out.tfevents.1783881990.Anubis.45924.57,976166,2026-07-12T18:49:15.233921+00:00,a30cd4b91c00a06fe7327f661a328253567ff195ec3d401036146d7fbb98c542
runs/reference-2026-static/2026-static-z-base/full-match/fold_10/refit/outcomes/events.out.tfevents.1783882158.Anubis.45924.59,2205,2026-07-12T18:49:18.188890+00:00,c6f0d6b792ddf949dc92b2b4940c2b7fb5823460e060854c5ba5fc544b3d7e4b
runs/reference-2026-static/2026-static-z-base/full-match/fold_10/selection/contract/events.out.tfevents.1783881809.Anubis.45924.55,1026,2026-07-12T18:43:29.555086+00:00,c1351631779477685eec9f078d70c1b368bc39aafa66af17688e61c880952e65
runs/reference-2026-static/2026-static-z-base/full-match/fold_10/selection/events.out.tfevents.1783881809.Anubis.45924.54,1006553,2026-07-12T18:46:14.852862+00:00,346639ead34ca10996fa77ff452d9fb2dd16934d992944ed867de4bc0144e7f8
runs/reference-2026-static/2026-static-z-base/full-match/fold_10/selection/outcomes/events.out.tfevents.1783881989.Anubis.45924.56,3695,2026-07-12T18:46:29.633099+00:00,799895276c1b35e2b0aa73cb34e606e1fa7b2294ed8ca30622b12ff7f98a8db4
runs/reference-2026-static/2026-static-z-base/full-match/fold_6/refit/contract/events.out.tfevents.1783881452.Anubis.45924.46,1026,2026-07-12T18:37:32.234229+00:00,2eaf4628a457f45dda31e813bdca369216fe33c4d04fdd017d5f9bdcb7c8b4f6
runs/reference-2026-static/2026-static-z-base/full-match/fold_6/refit/events.out.tfevents.1783881452.Anubis.45924.45,981162,2026-07-12T18:38:37.491297+00:00,012798d0a4266d121d50361221a8dfc9c9983e9d58c68e0070e100cae33436b4
runs/reference-2026-static/2026-static-z-base/full-match/fold_6/refit/outcomes/events.out.tfevents.1783881520.Anubis.45924.47,2205,2026-07-12T18:38:40.294742+00:00,87ac486abfa3df38e38c048f9ac1e0348a77d97b708e4f56b2fe3400107609c5
runs/reference-2026-static/2026-static-z-base/full-match/fold_6/selection/contract/events.out.tfevents.1783881320.Anubis.45924.43,1026,2026-07-12T18:35:20.785080+00:00,96fe8c787d357ce083250c2db3f5eb4803f6b4c7cd0e8d098776752b57f1f121
runs/reference-2026-static/2026-static-z-base/full-match/fold_6/selection/events.out.tfevents.1783881320.Anubis.45924.42,984983,2026-07-12T18:37:15.599048+00:00,c8ab3227bbf9d1c038c7ff58cf874d51cb453306ff168f6552c00b42704af8e4
runs/reference-2026-static/2026-static-z-base/full-match/fold_6/selection/outcomes/events.out.tfevents.1783881451.Anubis.45924.44,3695,2026-07-12T18:37:31.143213+00:00,8112253af7301e0b36f46d971ce31737ed2798c34998b843e62582ea9a42497e
runs/reference-2026-static/2026-static-z-base/full-match/fold_8/refit/contract/events.out.tfevents.1783881659.Anubis.45924.52,1026,2026-07-12T18:40:59.344730+00:00,ea9953d7f3448dbd3b793a49bcfdaf3b2f63f779a3a230d2053b750d2cad1364
runs/reference-2026-static/2026-static-z-base/full-match/fold_8/refit/events.out.tfevents.1783881659.Anubis.45924.51,966607,2026-07-12T18:43:17.561477+00:00,11f9dace6f7a3700620fa439bd53699b47fb6fa4b002d4b8604bac6df8ec8ab0
runs/reference-2026-static/2026-static-z-base/full-match/fold_8/refit/outcomes/events.out.tfevents.1783881804.Anubis.45924.53,2205,2026-07-12T18:43:25.015850+00:00,4293d19a88a3375ba14c0d5c248679a0ab2e08108f4b411c0cebf71f266fd421
runs/reference-2026-static/2026-static-z-base/full-match/fold_8/selection/contract/events.out.tfevents.1783881522.Anubis.45924.49,1026,2026-07-12T18:38:42.619195+00:00,d560f414ece0c6974c0510d9f30d947d13065d372c1f362e6c0432ea80c74149
runs/reference-2026-static/2026-static-z-base/full-match/fold_8/selection/events.out.tfevents.1783881522.Anubis.45924.48,991993,2026-07-12T18:40:38.090254+00:00,6cad69162222d0ccccdf10152acefca6f42763b65c439d935d496228d3ddb332
runs/reference-2026-static/2026-static-z-base/full-match/fold_8/selection/outcomes/events.out.tfevents.1783881657.Anubis.45924.50,3695,2026-07-12T18:40:57.971031+00:00,ce223b436ac9f75bb5dd96e9687c6d3f3533c2033aafe32625fd33974f714f61
runs/reference-2026-static/2026-static-z-base/teammate-set/fold_10/refit/contract/events.out.tfevents.1783881069.Anubis.45924.40,1028,2026-07-12T18:31:09.991711+00:00,640ccf21e5056ffec8fc46651f03dba5c95c6ed78627abfddca3709370cba2d9
runs/reference-2026-static/2026-static-z-base/teammate-set/fold_10/refit/events.out.tfevents.1783881069.Anubis.45924.39,745074,2026-07-12T18:35:11.582903+00:00,d83aef27fd80df8fe2e370e5dce22c1c80e2e99d180aa04ebf77dc0f22857942
runs/reference-2026-static/2026-static-z-base/teammate-set/fold_10/refit/outcomes/events.out.tfevents.1783881319.Anubis.45924.41,2207,2026-07-12T18:35:19.291666+00:00,3a6f164a1f6b11ffae537ae5218850b96919c0a341b98c991f8e471405b012ec
runs/reference-2026-static/2026-static-z-base/teammate-set/fold_10/selection/contract/events.out.tfevents.1783880898.Anubis.45924.37,1028,2026-07-12T18:28:18.198902+00:00,9fdd810fd68d087bdbfefd984069967cda6c16b04d81875583428394c62fe929
runs/reference-2026-static/2026-static-z-base/teammate-set/fold_10/selection/events.out.tfevents.1783880898.Anubis.45924.36,772813,2026-07-12T18:30:49.557218+00:00,b4a17a8c2dc918d67d71ef9bbe4356c26e595f544d0048a6655f3d7e31aef2eb
runs/reference-2026-static/2026-static-z-base/teammate-set/fold_10/selection/outcomes/events.out.tfevents.1783881068.Anubis.45924.38,3697,2026-07-12T18:31:08.452782+00:00,e9e6d5735b21046a9ff5102e24d5d2b5df4cb06730b701b6b73b2dbcaec856b2
runs/reference-2026-static/2026-static-z-base/teammate-set/fold_6/refit/contract/events.out.tfevents.1783880498.Anubis.45924.28,1028,2026-07-12T18:21:38.526091+00:00,dfd9407811508d11da972f0e4e0e05f9b25c523f5933da133e0edb9544b69b77
runs/reference-2026-static/2026-static-z-base/teammate-set/fold_6/refit/events.out.tfevents.1783880498.Anubis.45924.27,745804,2026-07-12T18:23:06.255112+00:00,a3466b56df07ed084babcbb6b3c3f900dfc0234a91d1a955650c972310f7a6e7
runs/reference-2026-static/2026-static-z-base/teammate-set/fold_6/refit/outcomes/events.out.tfevents.1783880589.Anubis.45924.29,2207,2026-07-12T18:23:09.339911+00:00,b3c2c7316c3cd024f8a916974c81442ec20c06a91a9b90f4731a2ff9ca41bdd4
runs/reference-2026-static/2026-static-z-base/teammate-set/fold_6/selection/contract/events.out.tfevents.1783880401.Anubis.45924.25,1028,2026-07-12T18:20:01.918554+00:00,9c79421c8117c348a1064c0f9e86c4c704e190f210d3d0b54e2e156586c6b3dc
runs/reference-2026-static/2026-static-z-base/teammate-set/fold_6/selection/events.out.tfevents.1783880401.Anubis.45924.24,736292,2026-07-12T18:21:09.035892+00:00,df1e5098b6422f9062ed16991890fb50a4e177dd3e964b1fb0b2643328f118b2
runs/reference-2026-static/2026-static-z-base/teammate-set/fold_6/selection/outcomes/events.out.tfevents.1783880496.Anubis.45924.26,3697,2026-07-12T18:21:36.957961+00:00,7d80dcb6efd2acb377595c9ae68e9f59ee7c0b89411b5e710c040741d7941474
runs/reference-2026-static/2026-static-z-base/teammate-set/fold_8/refit/contract/events.out.tfevents.1783880742.Anubis.45924.34,1028,2026-07-12T18:25:42.571555+00:00,0f4ad47c71728b89916f497c3597e997a1939da0f6a41d924e6f946d1efc2826
runs/reference-2026-static/2026-static-z-base/teammate-set/fold_8/refit/events.out.tfevents.1783880742.Anubis.45924.33,736734,2026-07-12T18:28:08.740211+00:00,11bad9275dbf83dd7c7fb5f3e290d00cdb16973fb60e00d4e3c8a74a2dd476e4
runs/reference-2026-static/2026-static-z-base/teammate-set/fold_8/refit/outcomes/events.out.tfevents.1783880895.Anubis.45924.35,2207,2026-07-12T18:28:15.902818+00:00,f75ee695262afdb74a1c198880925820da4f45052d7251bb89ab5070053b8e81
runs/reference-2026-static/2026-static-z-base/teammate-set/fold_8/selection/contract/events.out.tfevents.1783880591.Anubis.45924.31,1028,2026-07-12T18:23:11.193656+00:00,7440a92a521f10b11b2d8da081a54395af91c874e27348137a613a14c36d3112
runs/reference-2026-static/2026-static-z-base/teammate-set/fold_8/selection/events.out.tfevents.1783880591.Anubis.45924.30,741850,2026-07-12T18:25:14.531172+00:00,acb2c7449d1bd4c1891e600ce449ba769becb1a154008403cfee9ca6ae191fcb
runs/reference-2026-static/2026-static-z-base/teammate-set/fold_8/selection/outcomes/events.out.tfevents.1783880740.Anubis.45924.32,3697,2026-07-12T18:25:40.527058+00:00,367bf6099760bba81f094e67d5ae0c0d63e3649af2d41488452d379ad9254b4d
runs/reference-2026-static-reliability/2026-static-reliability/development/additive/clip_5_0/contract/events.out.tfevents.1783885593.Anubis.71704.1,1024,2026-07-12T19:46:33.020580+00:00,d1d5fccd5dbee7b2d3fdafffb7baa434cd96f27cb28c1781bfea23ed87fdc887
runs/reference-2026-static-reliability/2026-static-reliability/development/additive/clip_5_0/events.out.tfevents.1783885593.Anubis.71704.0,95854,2026-07-12T19:46:46.579635+00:00,4fc3eed7a52ecb3494e5f3f9c2f514d0c65c7b30dbe60ab6608a8b81fc728a7f
runs/reference-2026-static-reliability/2026-static-reliability/development/additive/clip_5_0/outcomes/events.out.tfevents.1783885636.Anubis.71704.2,3700,2026-07-12T19:47:16.878790+00:00,5ce14767cf1c3a58a2a5091d32058cc3ef57c1325affbbde381af7f988e8346a
runs/reference-2026-static-reliability/2026-static-reliability/development/confirmation/additive/epochs_2/contract/events.out.tfevents.1783885731.Anubis.71704.10,1024,2026-07-12T19:48:51.943236+00:00,65c9d766feb6118c84940ec89ecb32e5b74890eb8a97b75c7fda715b459aa95c
runs/reference-2026-static-reliability/2026-static-reliability/development/confirmation/additive/epochs_2/events.out.tfevents.1783885731.Anubis.71704.9,105030,2026-07-12T19:49:08.028266+00:00,2b217924be7c923628f58103d8d407788dc0adc142105c1d2a4d5871dc9a63ef
runs/reference-2026-static-reliability/2026-static-reliability/development/confirmation/additive/epochs_2/outcomes/events.out.tfevents.1783885770.Anubis.71704.11,3708,2026-07-12T19:49:30.625598+00:00,32057bc570d34412a2c581e66af6a8db861a5348c0434a2d74a78f5a9a0f2f36
runs/reference-2026-static-reliability/2026-static-reliability/development/confirmation/full-match/epochs_2/contract/events.out.tfevents.1783885807.Anubis.71704.16,1026,2026-07-12T19:50:07.258082+00:00,da37f58e2653ae4130951e36cba875483503f6921a1b56d8afde03f81cd7ffa6
runs/reference-2026-static-reliability/2026-static-reliability/development/confirmation/full-match/epochs_2/events.out.tfevents.1783885807.Anubis.71704.15,915395,2026-07-12T19:50:32.693230+00:00,5385e528da57c6499b26f0100b0c905d8201e59a4b5aa27c7d3f22a63eddf85a
runs/reference-2026-static-reliability/2026-static-reliability/development/confirmation/full-match/epochs_2/outcomes/events.out.tfevents.1783885856.Anubis.71704.17,3710,2026-07-12T19:50:56.861614+00:00,9364e92e52c62c89d433acd044832aa9cc9258ab3dc26d170e5013be15a88315
runs/reference-2026-static-reliability/2026-static-reliability/development/confirmation/teammate-set/epochs_2/contract/events.out.tfevents.1783885770.Anubis.71704.13,1028,2026-07-12T19:49:30.663928+00:00,72b34f1526251151d14054548b102b794ccf255ad8297c8a13b5eb46808b40ea
runs/reference-2026-static-reliability/2026-static-reliability/development/confirmation/teammate-set/epochs_2/events.out.tfevents.1783885770.Anubis.71704.12,652611,2026-07-12T19:49:51.772987+00:00,33cc5b859aa0fea7d57a115879ae28a20007aa7e02e07f974a9bc0a5b60ea709
runs/reference-2026-static-reliability/2026-static-reliability/development/confirmation/teammate-set/epochs_2/outcomes/events.out.tfevents.1783885807.Anubis.71704.14,3712,2026-07-12T19:50:07.239546+00:00,35b1cec5b881360bb489fc09289d71023d5e79ff1be96449656ed5d0138087a8
runs/reference-2026-static-reliability/2026-static-reliability/development/full-match/clip_5_0/contract/events.out.tfevents.1783885692.Anubis.71704.7,1026,2026-07-12T19:48:12.191227+00:00,10202d7e84fe3a4174ba09d6eb740bfe47e0d34cd5ef7fd28168e5bb8d5ced42
runs/reference-2026-static-reliability/2026-static-reliability/development/full-match/clip_5_0/events.out.tfevents.1783885692.Anubis.71704.6,915358,2026-07-12T19:48:26.939809+00:00,f1f513b5da042b4f769854491c9f11c499c9bbed473c5547b7ea3ca7883e6b93
runs/reference-2026-static-reliability/2026-static-reliability/development/full-match/clip_5_0/outcomes/events.out.tfevents.1783885731.Anubis.71704.8,3702,2026-07-12T19:48:51.914477+00:00,b6c375706c5f0273a767cb21d73b3da72a87d6e9afb83e415f9ddfc3037881b1
runs/reference-2026-static-reliability/2026-static-reliability/development/teammate-set/clip_5_0/contract/events.out.tfevents.1783885637.Anubis.71704.4,1028,2026-07-12T19:47:17.064180+00:00,ed9718fd400aea80eb8975989c8ce05a260835ed77fe2b7270d47fed4dcad427
runs/reference-2026-static-reliability/2026-static-reliability/development/teammate-set/clip_5_0/events.out.tfevents.1783885636.Anubis.71704.3,652574,2026-07-12T19:47:49.582321+00:00,bda05dc2c64235ba9d00c803d5f08bc5d6ea1fd584a8450f1ca5c6a7d74bf856
runs/reference-2026-static-reliability/2026-static-reliability/development/teammate-set/clip_5_0/outcomes/events.out.tfevents.1783885692.Anubis.71704.5,3704,2026-07-12T19:48:12.171128+00:00,544f0fc682c7f192de83869b860af7644dd7737cf3f32742af846a4831bbeb9b
runs/reference-2026-static-reliability/2026-static-reliability/seed_2026/additive/fold_6/contract/events.out.tfevents.1783885856.Anubis.71704.19,1024,2026-07-12T19:50:56.901153+00:00,43f8b938002f1ae7ab893bd7245f8e6c37318c2b7d0480e19619a71cddc46e4a
runs/reference-2026-static-reliability/2026-static-reliability/seed_2026/additive/fold_6/events.out.tfevents.1783885856.Anubis.71704.18,103664,2026-07-12T19:51:09.839848+00:00,4c5e5b498281c170bb764429aa95fc3f7276611c44f6cf39e2eadc0422731d1a
runs/reference-2026-static-reliability/2026-static-reliability/seed_2026/additive/fold_6/outcomes/events.out.tfevents.1783885872.Anubis.71704.20,2218,2026-07-12T19:51:12.734461+00:00,2bbe614c27d43fee6c99093feb9cc8038996b6ee555cc2b6bed9f64e2aa56fff
runs/reference-2026-static-reliability/2026-static-reliability/seed_2026/full-match/fold_6/contract/events.out.tfevents.1783885896.Anubis.71704.25,1026,2026-07-12T19:51:36.972174+00:00,9e2e7f8d4ccc4bb36ff939284eabca375196f86a7506f5902354712fb9e5d6a5
runs/reference-2026-static-reliability/2026-static-reliability/seed_2026/full-match/fold_6/events.out.tfevents.1783885896.Anubis.71704.24,894754,2026-07-12T19:51:56.985299+00:00,ff1097e62921be177609dd86431cd98f143d0119bc106c10fe88c7a19b010c46
runs/reference-2026-static-reliability/2026-static-reliability/seed_2026/full-match/fold_6/outcomes/events.out.tfevents.1783885920.Anubis.71704.26,2220,2026-07-12T19:52:00.900861+00:00,b20c81309dd373def9e8cc1448b38cde67de412884c83c41177d22b10359e624
runs/reference-2026-static-reliability/2026-static-reliability/seed_2026/teammate-set/fold_6/contract/events.out.tfevents.1783885873.Anubis.71704.22,1028,2026-07-12T19:51:13.937168+00:00,dc9c89f1e7529f9b4fcef71ee113497cabed4446596e832f3bf11b32f206fef1
runs/reference-2026-static-reliability/2026-static-reliability/seed_2026/teammate-set/fold_6/events.out.tfevents.1783885873.Anubis.71704.21,643666,2026-07-12T19:51:33.030110+00:00,f687816d7d4858b2546fc82cf4080f887cbf5dbf32ede0c0150f522af02f9655
runs/reference-2026-static-reliability/2026-static-reliability/seed_2026/teammate-set/fold_6/outcomes/events.out.tfevents.1783885895.Anubis.71704.23,2222,2026-07-12T19:51:35.766582+00:00,3d08ca40c4572aee5cc1eab4ec880618e30abf3600d5675ac0c78a6bd1d186e1
runs/reference-2026-static-reliability/2026-static-reliability-full/development/additive/clip_10_0/contract/events.out.tfevents.1783887605.Anubis.72744.22,1024,2026-07-12T20:20:05.281860+00:00,bac10bddbed387d4a0145c98a4216ec33e9aa2891d3dfb4a8abe9e8a6784758d
runs/reference-2026-static-reliability/2026-static-reliability-full/development/additive/clip_10_0/events.out.tfevents.1783887605.Anubis.72744.21,453198,2026-07-12T20:21:24.799682+00:00,9886051959fa34d25d6cba14c6e786f1ee72b8218f0a0085ee2fb1e0cdcc9640
runs/reference-2026-static-reliability/2026-static-reliability-full/development/additive/clip_10_0/outcomes/events.out.tfevents.1783887696.Anubis.72744.23,3700,2026-07-12T20:21:36.619269+00:00,15dc0a43045265e00f6af3c49100f9aa388790f294a5e2d07df0c16892fae462
runs/reference-2026-static-reliability/2026-static-reliability-full/development/additive/clip_2_5/contract/events.out.tfevents.1783886840.Anubis.72744.4,1024,2026-07-12T20:07:20.257196+00:00,7431b5759dec06fb4ec3322dc0bc6e08194499bb3028f1ff7f0353a08d290e13
runs/reference-2026-static-reliability/2026-static-reliability-full/development/additive/clip_2_5/events.out.tfevents.1783886840.Anubis.72744.3,461082,2026-07-12T20:08:51.671781+00:00,c77304e9c647c72765a6b7fd28de445c9cfc35b226073557090e7914940bf969
runs/reference-2026-static-reliability/2026-static-reliability-full/development/additive/clip_2_5/outcomes/events.out.tfevents.1783886943.Anubis.72744.5,3700,2026-07-12T20:09:03.441541+00:00,b94f708971c80cac1fd8027a5b12c86307f6a6b6a9f94108f8b64c74d94e361e
runs/reference-2026-static-reliability/2026-static-reliability-full/development/additive/clip_5_0/contract/events.out.tfevents.1783887239.Anubis.72744.13,1024,2026-07-12T20:13:59.713671+00:00,1f4b73fa6b3dd5a244c6e66ab80498a931c4ee05702eea3f2671f3b2028488d0
runs/reference-2026-static-reliability/2026-static-reliability-full/development/additive/clip_5_0/events.out.tfevents.1783887239.Anubis.72744.12,453196,2026-07-12T20:15:19.280498+00:00,09498fef5f1b392e7ece429f7e1988c4bfecc16ca5624e167f3c5c65a2c017fc
runs/reference-2026-static-reliability/2026-static-reliability-full/development/additive/clip_5_0/outcomes/events.out.tfevents.1783887331.Anubis.72744.14,3700,2026-07-12T20:15:31.735586+00:00,020dedce7dc8222437697b512b2c91ba8aa99f0afe14a0674135ecd2e64fe495
runs/reference-2026-static-reliability/2026-static-reliability-full/development/full-match/clip_10_0/contract/events.out.tfevents.1783887823.Anubis.72744.28,1026,2026-07-12T20:23:43.283569+00:00,0f09f49b48b23a5c297a1664622a1a858d6bc374fd1c1357440d9d9bd610c07e
runs/reference-2026-static-reliability/2026-static-reliability-full/development/full-match/clip_10_0/events.out.tfevents.1783887823.Anubis.72744.27,1271492,2026-07-12T20:25:55.919107+00:00,041bb075853a35eb3ed54d42ec00020e4536ab158a057d8f62c28f5026ac7256
runs/reference-2026-static-reliability/2026-static-reliability-full/development/full-match/clip_10_0/outcomes/events.out.tfevents.1783887972.Anubis.72744.29,3702,2026-07-12T20:26:12.811274+00:00,a62c1f486ae62c60f4c0da109f3366c25bb08ac95cf2584e9267160bf21fef62
runs/reference-2026-static-reliability/2026-static-reliability-full/development/full-match/clip_2_5/contract/events.out.tfevents.1783887090.Anubis.72744.10,1026,2026-07-12T20:11:30.446997+00:00,ef9bb2c21967017ce26c8543ef2ae2ff9bfddbd2d33b885577d303128a4f86ef
runs/reference-2026-static-reliability/2026-static-reliability-full/development/full-match/clip_2_5/events.out.tfevents.1783887090.Anubis.72744.9,1267346,2026-07-12T20:13:43.901791+00:00,181de0907aeca40e14053a5ca6ba08e9883e920394acaeb77b945d4b91251b88
runs/reference-2026-static-reliability/2026-static-reliability-full/development/full-match/clip_2_5/outcomes/events.out.tfevents.1783887239.Anubis.72744.11,3702,2026-07-12T20:13:59.694672+00:00,c861ff3895832b874284f104d1b037e9bde88fdb86df4699b9f9fd97febb1d0e
runs/reference-2026-static-reliability/2026-static-reliability-full/development/full-match/clip_5_0/contract/events.out.tfevents.1783887461.Anubis.72744.19,1026,2026-07-12T20:17:41.825836+00:00,dd4c43d51f248c939a89fe36c72aa70a049671ebfbdcf26051c438cc4d213c8c
runs/reference-2026-static-reliability/2026-static-reliability-full/development/full-match/clip_5_0/events.out.tfevents.1783887461.Anubis.72744.18,1271298,2026-07-12T20:19:49.075271+00:00,4c1f9ace8606490bc6e50f7773bfaed8d677f5c00ff15fcacb01e066ba268334
runs/reference-2026-static-reliability/2026-static-reliability-full/development/full-match/clip_5_0/outcomes/events.out.tfevents.1783887605.Anubis.72744.20,3702,2026-07-12T20:20:05.262332+00:00,24a3a60ba562ad72c01048bcba1b6437d95497f89d9666b14dab0b802c58a9e4
runs/reference-2026-static-reliability/2026-static-reliability-full/development/teammate-set/clip_10_0/contract/events.out.tfevents.1783887696.Anubis.72744.25,1028,2026-07-12T20:21:36.637267+00:00,63edec912e19c225afbdfc11363c2dc2c075cfe384ddda0e47f3d8444b761b34
runs/reference-2026-static-reliability/2026-static-reliability-full/development/teammate-set/clip_10_0/events.out.tfevents.1783887696.Anubis.72744.24,1032632,2026-07-12T20:23:28.960160+00:00,35929cdc7fb260e70e29b25d758bc0ba9d108137c1ca54da68ad241d1b0535dc
runs/reference-2026-static-reliability/2026-static-reliability-full/development/teammate-set/clip_10_0/outcomes/events.out.tfevents.1783887823.Anubis.72744.26,3704,2026-07-12T20:23:43.266220+00:00,e8b45406f43708d633ee584a18d21954611a98f0173d1fd1dff87654a791324b
runs/reference-2026-static-reliability/2026-static-reliability-full/development/teammate-set/clip_2_5/contract/events.out.tfevents.1783886943.Anubis.72744.7,1028,2026-07-12T20:09:03.456025+00:00,7636b71d672dd570b7769e9cc2be8169d79dc050c927e1537fa40d7d6e72b337
runs/reference-2026-static-reliability/2026-static-reliability-full/development/teammate-set/clip_2_5/events.out.tfevents.1783886943.Anubis.72744.6,1028950,2026-07-12T20:11:13.897503+00:00,37141d1de001c43d44e07f2b8712cb90480d885a11c41e1495a7055f8561ff4e
runs/reference-2026-static-reliability/2026-static-reliability-full/development/teammate-set/clip_2_5/outcomes/events.out.tfevents.1783887090.Anubis.72744.8,3704,2026-07-12T20:11:30.429997+00:00,a8a523257d375719ddc3bc6898b5d01c639bf4bcafd757e3ac04688e4ad2225d
runs/reference-2026-static-reliability/2026-static-reliability-full/development/teammate-set/clip_5_0/contract/events.out.tfevents.1783887331.Anubis.72744.16,1028,2026-07-12T20:15:31.754103+00:00,7a67704f80116f178a9cc4240846efee2f584dc779088957f72c523cda4ec403
runs/reference-2026-static-reliability/2026-static-reliability-full/development/teammate-set/clip_5_0/events.out.tfevents.1783887331.Anubis.72744.15,1032918,2026-07-12T20:17:28.106197+00:00,1f71d546919743af8829dd5134d821da1fdbc6e4bbfeb03af1800502718b6d38
runs/reference-2026-static-reliability/2026-static-reliability-full/development/teammate-set/clip_5_0/outcomes/events.out.tfevents.1783887461.Anubis.72744.17,3704,2026-07-12T20:17:41.809841+00:00,bf6e93795672c7c80250b3c0a8f4d5532bd47d2f4a98d827248c8db1fdc4a563
runs/reference-2026-static-reliability/2026-static-reliability-full/development/timing-pilot/contract/events.out.tfevents.1783886813.Anubis.72744.1,1024,2026-07-12T20:06:53.337802+00:00,1fdc65902fff555b02045764f28884a12c68b35d8d8f59e50ddf348c02eb7e82
runs/reference-2026-static-reliability/2026-static-reliability-full/development/timing-pilot/events.out.tfevents.1783886813.Anubis.72744.0,79770,2026-07-12T20:07:06.501728+00:00,9c51cd09663e0cc98fe9399f56b1c9f6163cd8b5c4816a5e76068bb81021488f
runs/reference-2026-static-reliability/2026-static-reliability-full/development/timing-pilot/outcomes/events.out.tfevents.1783886840.Anubis.72744.2,3696,2026-07-12T20:07:20.239762+00:00,92295431d9b3f88a709be98fceaba8c6cde35abb06d3a365436b1e74da57ba8d
runs/reference-2026-static-reliability/2026-static-reliability-smoke/development/additive/clip_5_0/contract/events.out.tfevents.1783886108.Anubis.52672.1,1024,2026-07-12T19:55:08.554338+00:00,27713b6f66b3635dd34bd1d4462df3cb6eb9ad68157111b6b64e2b0d621aaf46
runs/reference-2026-static-reliability/2026-static-reliability-smoke/development/additive/clip_5_0/events.out.tfevents.1783886108.Anubis.52672.0,96967,2026-07-12T19:55:22.921228+00:00,10f3c38a797f608e762ffc09901387601f2f4605cabc53248a9d91381c294579
runs/reference-2026-static-reliability/2026-static-reliability-smoke/development/additive/clip_5_0/outcomes/events.out.tfevents.1783886138.Anubis.52672.2,3700,2026-07-12T19:55:38.285025+00:00,cad1835e64c30e942e07668910ef275bc74d570e4e38b252757fec2468149636
runs/reference-2026-static-reliability/2026-static-reliability-smoke/development/confirmation/additive/epochs_2/contract/events.out.tfevents.1783886213.Anubis.52672.10,1024,2026-07-12T19:56:53.488126+00:00,daeca8b34b0973d411f1f153bb71e9792b18a3236a0337071909c6e9cd9098cd
runs/reference-2026-static-reliability/2026-static-reliability-smoke/development/confirmation/additive/epochs_2/events.out.tfevents.1783886213.Anubis.52672.9,105036,2026-07-12T19:57:06.514901+00:00,9e1375de680ccdd58175e489ee0308b1613fc24402db94f0c9dddc3b0e479f8d
runs/reference-2026-static-reliability/2026-static-reliability-smoke/development/confirmation/additive/epochs_2/outcomes/events.out.tfevents.1783886242.Anubis.52672.11,3708,2026-07-12T19:57:22.174777+00:00,137e094dbe9a68cc2bed8e3ed23f7d597d67ca66cb6af8498bb3d047d0e843bc
runs/reference-2026-static-reliability/2026-static-reliability-smoke/development/confirmation/full-match/epochs_2/contract/events.out.tfevents.1783886318.Anubis.52672.16,1026,2026-07-12T19:58:38.123956+00:00,bf9ac1901d63d98691de1554cf4238d1272e8112bff02e1d5a6eef9776456037
runs/reference-2026-static-reliability/2026-static-reliability-smoke/development/confirmation/full-match/epochs_2/events.out.tfevents.1783886318.Anubis.52672.15,915401,2026-07-12T19:59:08.173465+00:00,84cb93cc792bd0b83ab7e6ea84be04791b773157a05462fc9f09bd6274576ec1
runs/reference-2026-static-reliability/2026-static-reliability-smoke/development/confirmation/full-match/epochs_2/outcomes/events.out.tfevents.1783886388.Anubis.52672.17,3710,2026-07-12T19:59:48.183340+00:00,1493f6888c0b0b76a1934ba70e91ec77bd548e4cf8b0ecb69686dfd56cc006cc
runs/reference-2026-static-reliability/2026-static-reliability-smoke/development/confirmation/teammate-set/epochs_2/contract/events.out.tfevents.1783886242.Anubis.52672.13,1028,2026-07-12T19:57:22.203783+00:00,fba3086f7dfd9edfcc3d020bf5c47f33b9913081b7013073d5e7c37347ca40da
runs/reference-2026-static-reliability/2026-static-reliability-smoke/development/confirmation/teammate-set/epochs_2/events.out.tfevents.1783886242.Anubis.52672.12,652617,2026-07-12T19:57:47.506193+00:00,de3524a17d06af32f34d5b45548f6d2bac6ebed7433d1e8020ce1cedc532506a
runs/reference-2026-static-reliability/2026-static-reliability-smoke/development/confirmation/teammate-set/epochs_2/outcomes/events.out.tfevents.1783886318.Anubis.52672.14,3712,2026-07-12T19:58:38.097723+00:00,ae3204c0c47e8b64191ac2544042ee5c362346bafc8b39bdf17a609689da18fd
runs/reference-2026-static-reliability/2026-static-reliability-smoke/development/full-match/clip_5_0/contract/events.out.tfevents.1783886176.Anubis.52672.7,1026,2026-07-12T19:56:16.204224+00:00,bf8fa0d11a7b2d969d7eb88911d59a6a48975971a583c4fb3c4f25358438e0d8
runs/reference-2026-static-reliability/2026-static-reliability-smoke/development/full-match/clip_5_0/events.out.tfevents.1783886176.Anubis.52672.6,915364,2026-07-12T19:56:35.664992+00:00,0b96f76b6651afc84481573c302a4255e7679909ce816b729dde3d3926f04b40
runs/reference-2026-static-reliability/2026-static-reliability-smoke/development/full-match/clip_5_0/outcomes/events.out.tfevents.1783886213.Anubis.52672.8,3702,2026-07-12T19:56:53.452111+00:00,c6d845d6f460eaa7308cfff1eae5b9e684ddad1b98ec6fd42d8cdf7dda40be93
runs/reference-2026-static-reliability/2026-static-reliability-smoke/development/teammate-set/clip_5_0/contract/events.out.tfevents.1783886138.Anubis.52672.4,1028,2026-07-12T19:55:38.307458+00:00,d6552f2084a6d9866ee5551729b5c35abfb2d1c6070458345d265b4fef20c2fb
runs/reference-2026-static-reliability/2026-static-reliability-smoke/development/teammate-set/clip_5_0/events.out.tfevents.1783886138.Anubis.52672.3,652580,2026-07-12T19:55:55.769095+00:00,a17de82d5d08f2ff8a440ff656ccb353fb61a0b58695aa33109fa77ecf40dcad
runs/reference-2026-static-reliability/2026-static-reliability-smoke/development/teammate-set/clip_5_0/outcomes/events.out.tfevents.1783886176.Anubis.52672.5,3704,2026-07-12T19:56:16.169690+00:00,de51597bd9074e89ce08b036b0c2384c175aaa2165e693bcfd1246b84b2b789d
runs/reference-2026-static-reliability/2026-static-reliability-smoke/seed_2026/additive/fold_6/contract/events.out.tfevents.1783886388.Anubis.52672.19,1024,2026-07-12T19:59:48.441326+00:00,14f8507e6c28c9234704bfb28f3b72583622ab8facf3f91cc6add490888f6b2e
runs/reference-2026-static-reliability/2026-static-reliability-smoke/seed_2026/additive/fold_6/events.out.tfevents.1783886388.Anubis.52672.18,103670,2026-07-12T20:00:29.672568+00:00,6c5221e2552b5afa3855e9e49772723a1be822cae337253bf74acd26d6f62083
runs/reference-2026-static-reliability/2026-static-reliability-smoke/seed_2026/additive/fold_6/outcomes/events.out.tfevents.1783886435.Anubis.52672.20,2218,2026-07-12T20:00:35.535060+00:00,0f773cad6af59b2e3705e29cd3bc3f05e3df102e5282e086afb948669bcdf4cf
runs/reference-2026-static-reliability/2026-static-reliability-smoke/seed_2026/full-match/fold_6/contract/events.out.tfevents.1783886462.Anubis.52672.25,1026,2026-07-12T20:01:02.553815+00:00,4d11d5b13b4a347d2619f77403c5eb73b727e72ad59c81f32a6ddf57f34967fa
runs/reference-2026-static-reliability/2026-static-reliability-smoke/seed_2026/full-match/fold_6/events.out.tfevents.1783886462.Anubis.52672.24,894760,2026-07-12T20:01:24.221546+00:00,d49e8155184cbfa5b53aad11876f71fbedee2c66122e0658c114a886a659b136
runs/reference-2026-static-reliability/2026-static-reliability-smoke/seed_2026/full-match/fold_6/outcomes/events.out.tfevents.1783886487.Anubis.52672.26,2220,2026-07-12T20:01:27.566848+00:00,6d838cd25c5634c634051e23044c5e35325c4c8c5e3bcc7f4cd1467eeab434d1
runs/reference-2026-static-reliability/2026-static-reliability-smoke/seed_2026/teammate-set/fold_6/contract/events.out.tfevents.1783886436.Anubis.52672.22,1028,2026-07-12T20:00:36.995335+00:00,949aa52ed6364da98761371383db4b5032d0b0b5830bfb18c9f1d82afd6b8751
runs/reference-2026-static-reliability/2026-static-reliability-smoke/seed_2026/teammate-set/fold_6/events.out.tfevents.1783886436.Anubis.52672.21,643672,2026-07-12T20:00:58.064234+00:00,768c745bad5c30fdc1fd84d281355d7957052b8ade2e4601841e1bde7a628db2
runs/reference-2026-static-reliability/2026-static-reliability-smoke/seed_2026/teammate-set/fold_6/outcomes/events.out.tfevents.1783886461.Anubis.52672.23,2222,2026-07-12T20:01:01.320385+00:00,abbfdedcb4f8a154f71cac0ee5a8e7e67899c34937bbba5989590edeb8cb1644
runs/v564_prior_2026_1780402981/events.out.tfevents.1780402981.Anubis.532.2,3182,2026-06-02T12:23:01.614734+00:00,575185413f194499712b10665ec0d5096edcabe08dcf3056884057a67237c2ee
runs/v57_features_2026_1780160560/events.out.tfevents.1780160560.Anubis.35312.0,3236,2026-05-30T17:02:40.751951+00:00,609ff85d11e0d781b979d43b31ef09bc751b6d0a7283fb79269acb1209e3e8f6
runs/v57_features_2026_1780160625/events.out.tfevents.1780160625.Anubis.7144.0,3236,2026-05-30T17:03:45.845766+00:00,2d7a76b7088763a3f9567f7afd1672412f7932d67e434ea56006635143858427
runs/v57_features_2026_1780160667/events.out.tfevents.1780160668.Anubis.19852.0,3236,2026-05-30T17:04:28.419789+00:00,9f01f95a50f749162cbd789b1afafeee05c48f5dfc3d6966d869eb96468ae14b
runs/v57_features_2026_1780167069/events.out.tfevents.1780167069.Anubis.15988.0,3236,2026-05-30T18:51:09.423532+00:00,890d19650d694b41ce6924e60eb92994c7a66ab23a913be376f76334d909b561
runs/v57_features_2026_1780282681/events.out.tfevents.1780282682.Anubis.31676.0,3236,2026-06-01T02:58:02.263958+00:00,80227d0e53a13b742cbf7e1ae619e47db78b0d3ddfe094a1bbab5a5c615f2cb5
runs/v57_features_2026_1780284886/events.out.tfevents.1780284886.Anubis.932.0,4045,2026-06-01T03:34:47.125870+00:00,853edb156116c8286a79c5f105d55277798ba4c2cf2760f12b80651989777f56
runs/v57_features_2026_1780285214/events.out.tfevents.1780285214.Anubis.15180.0,4045,2026-06-01T03:40:14.349025+00:00,dc79a6c09c34129447d97197beb887183ad27b8123dab2c3df662c4e20cebec0
runs/v57_features_2026_1780285381/events.out.tfevents.1780285382.Anubis.30156.0,4045,2026-06-01T03:43:02.110228+00:00,a93903d7a74cee99db8a9b5f6193552a11613414efb3c320a5792fd47ce7855f
runs/v57_features_2026_1780288087/events.out.tfevents.1780288087.Anubis.9948.0,3821,2026-06-01T04:28:07.693635+00:00,81d72132151116d6012caad7f8d665385e0ff45b9669f57b23f9054173d4fd58
runs/v57_features_2026_1780288173/events.out.tfevents.1780288173.Anubis.32416.0,3821,2026-06-01T04:29:33.847123+00:00,75875811526297edecc39dfce517858a844d9924f403c8b1fda0509a0804fe48
runs/v57_features_2026_1780298382/events.out.tfevents.1780298382.Anubis.30196.0,3821,2026-06-01T07:19:42.972396+00:00,982b2e56c95ae62da96dc570b5e911f28af376a9596ec497ec85d39bd3f2695a
runs/v57_features_2026_1780319582/events.out.tfevents.1780319582.Anubis.26656.0,3821,2026-06-01T13:13:02.826848+00:00,5c669967b143e6a82a392f117734deaf495b0c7b15434c022d244b3f46e3e855
runs/v57_features_2026_1780320058/events.out.tfevents.1780320058.Anubis.33132.0,3821,2026-06-01T13:20:58.254644+00:00,65414167d3a377c25f2166ed33c9e4ec97823eed741fcef7ac7f4882e3c46564
runs/v57_features_2026_1780321016/events.out.tfevents.1780321016.Anubis.24024.0,3821,2026-06-01T13:36:56.383376+00:00,d94945a75ffb238ba2fc52d56c591da06a821dd8e0287e4ae3930d3a7b5f5b85
runs/v57_features_2026_1780375886/events.out.tfevents.1780375887.Anubis.10256.0,3821,2026-06-02T04:51:27.292669+00:00,120d7e7926e6e706f9d1e96bfe69b2e1dd23ada9411909548a7569b75bbabacb
runs/v57_features_2026_1780376598/events.out.tfevents.1780376598.Anubis.2044.0,3821,2026-06-02T05:03:18.349345+00:00,e8bbaec7ae8d6eb7cfc1e8ff7ea5aedf38e7d1e0e0ab60744b0e2249df69dc79
runs/v57_features_2026_1780376716/events.out.tfevents.1780376716.Anubis.23652.0,3821,2026-06-02T05:05:17.132135+00:00,bf0a27d6b27d82623426b3c99a320831f5e98875b50bb3e021d2d022cd8f6bef
runs/v57_features_2026_1780376798/events.out.tfevents.1780376798.Anubis.35380.0,3821,2026-06-02T05:06:38.434001+00:00,2e3f6544ec0af7cecd200c93940252f52e1a2ada862018294c60a2f8f0e3ff88
runs/v57_features_2026_1780377078/events.out.tfevents.1780377078.Anubis.32436.0,3821,2026-06-02T05:11:19.082086+00:00,43afb25c7886fe52b16cbbc5e95a4e5971227a3fb80e397d8f71c989f294c0ff
runs/v57_features_2026_1780399030/events.out.tfevents.1780399030.Anubis.34940.0,3821,2026-06-02T11:17:11.078511+00:00,d4779589897e67d7548cc8c8aa8fabd0dfa6ae082f79e21468db594c58d7bd20
runs/v57_features_2026_1780400784/events.out.tfevents.1780400784.Anubis.6072.0,3821,2026-06-02T11:46:24.414604+00:00,e92eabf07679a0a42393953d0175eb7c84677b7bcfcc1e5a9dba21f175b44410
runs/v57_features_2026_1780401706/events.out.tfevents.1780401706.Anubis.22360.0,3821,2026-06-02T12:01:46.929129+00:00,19d5c9426a6f50513d2c1244f0ab80c1abf801a9887ba8bee5c2afda64f56e04
runs/v57_features_2026_1780401837/events.out.tfevents.1780401837.Anubis.37396.0,3821,2026-06-02T12:03:57.377712+00:00,7f0914a579b538ce6cf398ccab16b07ac25f1f18c6717fefa957b7340c941a5f
runs/v57_features_2026_1780402987/events.out.tfevents.1780402987.Anubis.532.3,3821,2026-06-02T12:23:07.363001+00:00,2f8e97e62a16ec8042a231db08e26425c7634285a2643f61657a612351c46c42
runs/v57_features_2026_1780403053/events.out.tfevents.1780403054.Anubis.11936.0,3821,2026-06-02T12:24:14.194210+00:00,4384e8bf956c3eb9e32c7e851a5ac6d29ac32d4f1ed63c4a201a69358c44c126
runs/v57_features_2026_1780403156/events.out.tfevents.1780403156.Anubis.41720.0,3821,2026-06-02T12:25:56.407942+00:00,59b118358215389904e8a2be00f0f61dbc2550bd478f3d46ea725175c3a4951e
runs/v57_features_2026_1780403322/events.out.tfevents.1780403322.Anubis.35384.0,3821,2026-06-02T12:28:42.568378+00:00,919ff01430970cde11fb48108888f3ad96489652f2066b4f61e97bd6c9d5cd0c
runs/v57_features_2026_1780542089/events.out.tfevents.1780542089.Anubis.28988.0,3821,2026-06-04T03:01:29.488853+00:00,9259b0932070951f6ab99b5c3fbf6f1a078f874285b6c283cf7729d396fb4c7b
runs/v57_features_2026_1783856773/events.out.tfevents.1783856774.Anubis.77624.0,3821,2026-07-12T11:46:14.834411+00:00,9edfde9b29f18e55059941aa7c971860a365269e7094dc3705ee4cba814fbb75
runs/v57_features_2026_1783864081/events.out.tfevents.1783864081.Anubis.75860.0,3821,2026-07-12T13:48:01.705051+00:00,9fbfec5bfaf33e8cd76709e532d33b1cae0f518e607e4473c6ae85a8e0addb7b
runs/v57_features_2026_1783864171/events.out.tfevents.1783864172.Anubis.69244.0,3821,2026-07-12T13:49:32.208488+00:00,04d263a94170ca936fc1f123942a4a52c4025bc32a649112e8dbab0ac8f3350d
runs/v57_features_2026_1783865064/events.out.tfevents.1783865064.Anubis.68764.0,3821,2026-07-12T14:04:25.726053+00:00,53ba6a817d5b92c65cb5e9ff609d0105b78a8e5b60a97575340d475c8df682eb
runs/v57_features_2026_1783865116/events.out.tfevents.1783865116.Anubis.77252.0,3821,2026-07-12T14:05:17.011704+00:00,6a71cd567eab3e562375fa6eb7267461326cf1990fecb46add30b27e98fef668
runs/v57_features_2026_1783865954/events.out.tfevents.1783865954.Anubis.69356.0,3821,2026-07-12T14:19:15.167310+00:00,82dee1d4bf93d68432d80be5a6b58f3850b7487d756d23407a4acce42471643e
runs/v57_features_2026_1783866303/events.out.tfevents.1783866304.Anubis.61408.0,3821,2026-07-12T14:25:04.737331+00:00,ae7b51cc1f780674cef580f57b953218287fd05d83f11dc8b113cf8d229203d2
runs/v57_features_2026_1783866441/events.out.tfevents.1783866441.Anubis.69128.0,3821,2026-07-12T14:27:22.203516+00:00,a47c113d04f9e45494387ecce7f438c596b2c31f76fff830136622c83084559d
runs/v57_features_2026_1783871869/events.out.tfevents.1783871870.Anubis.20872.0,3821,2026-07-12T15:57:51.169498+00:00,1a850ce6daaa9bf01aa3122c04ad91967a15198761663b51792fb94316e40f11
runs/v57_features_2026_1783872066/events.out.tfevents.1783872067.Anubis.67560.0,3821,2026-07-12T16:01:08.440949+00:00,c0ee61d9e107b196331b5e306b1b9f99f685d669742fdbc0a8bc908a6c0f8d74
